Supplier #,Name,Display Name,Supplier Portal Status,Status,Supplier Contact,Address,Email,Phone (Mobile),Phone (Work),Created Date
SUPP1001,Vanguard Enterprises,Vanguard Enterprises,Active,Active,Yuki Miller,Seoul,yuki.miller@vanguardente.com,,9669955692,2025-09-30
SUPP1002,Beacon Distribution,Beacon Distribution,Pending,Active,David Tanaka,Paris,david.tanaka@beacondistri.com,8982965198,7263505683,2025-02-23
SUPP1003,Delta Systems,Delta Systems,Active,Active,Isabella Zhang,Shanghai,isabella.zhang@deltasystems.com,,8532312868,2024-06-20
SUPP1004,Sterling Solutions,Sterling Solutions,Active,Active,Marie Kumar,Dubai,marie.kumar@sterlingsolu.com,7750160475,6483889467,2024-11-14
SUPP1005,Pioneer Systems,Pioneer Systems,Linked,Active,Elena Hernandez,Cairo,elena.hernandez@pioneersyste.com,,,2025-07-25
SUPP1006,Summit Solutions,Summit Solutions,Pending,Active,Olivia Nguyen,London,olivia.nguyen@summitsoluti.com,9778620616,8762918409,2025-01-17
SUPP1007,Vanguard Consulting,Vanguard Consulting,Linked,Active,Robert Kim,London,robert.kim@vanguardcons.com,9376570743,7479899005,2024-09-18
SUPP1008,Prime Services,Prime Services,Pending,Active,Elena Schmidt,Casablanca,elena.schmidt@primeservice.com,9233537997,7417799464,2025-01-20
SUPP1009,Nexus Holdings,Nexus Holdings,Active,Active,Robert Sato,Tokyo,robert.sato@nexusholding.com,9956809041,8225856787,2025-02-24
SUPP1010,Nexus Industries,Nexus Industries,Active,Active,Raj Rossi,Milan,raj.rossi@nexusindustr.com,9528531261,9514399900,2024-05-29
SUPP1011,Infinity Supply Co,Infinity Supply,Active,Active,Anna Williams,Stockholm,anna.williams@infinitysupp.com,,,2025-05-19
SUPP1012,Genesis Manufacturing,Genesis Manufacturing,Invited,Active,Priya Rossi,Seoul,priya.rossi@genesismanuf.com,,8334724214,2025-06-07
SUPP1013,Vanguard Logistics,Vanguard Logistics,Invited,Active,Carlos Martinez,Amsterdam,carlos.martinez@vanguardlogi.com,8174814722,8946327773,2026-02-24
SUPP1014,Synergy Services,Synergy Services,Active,Active,Charlotte Bernard,Zurich,charlotte.bernard@synergyservi.com,7403107498,9308812623,2025-09-05
SUPP1015,Pinnacle Enterprises,Pinnacle Enterprises,Pending,Active,Fatima Smith,Seoul,fatima.smith@pinnacleente.com,,7947711144,2024-08-20
SUPP1016,Delta Holdings,Delta Holdings,Invited,Active,Elena Martinez,Bangkok,elena.martinez@deltaholding.com,8804971990,6638649294,2024-07-07
SUPP1017,Apex Logistics,Apex Logistics,Invited,Active,Lin Anderson,Sydney,lin.anderson@apexlogistic.com,,7383367486,2024-06-25
SUPP1018,Catalyst Logistics,Catalyst Logistics,Active,Active,David Anderson,Lagos,david.anderson@catalystlogi.com,,6162612324,2024-08-10
SUPP1019,Horizon Supply Co,Horizon Supply,Invited,Active,Anna Weber,Stockholm,anna.weber@horizonsuppl.com,7912461166,9527828713,2026-03-09
SUPP1020,Sterling Manufacturing,Sterling Manufacturing,Invited,Active,Ahmed Garcia,Berlin,ahmed.garcia@sterlingmanu.com,,,2024-12-06
SUPP1021,Meridian Systems,Meridian Systems,Active,Active,Fatima Wang,Stockholm,fatima.wang@meridiansyst.com,9297208362,,2026-03-27
SUPP1022,Fusion Distribution,Fusion Distribution,Invited,Active,Lin Miller,Casablanca,lin.miller@fusiondistri.com,9661754794,8954982376,2025-04-02
SUPP1023,Global Consulting,Global Consulting,Active,Active,Arjun Anderson,Seattle,arjun.anderson@globalconsul.com,6725931728,8278224210,2024-05-09
SUPP1024,Fusion Technologies,Fusion Technologies,Active,Active,Hans Johnson,Tokyo,hans.johnson@fusiontechno.com,8270206043,,2024-07-29
SUPP1025,Ember Holdings,Ember Holdings,Active,Active,Priya Hernandez,Mumbai,priya.hernandez@emberholding.com,8805274535,7932782413,2025-09-22
SUPP1026,Ember Supply Co,Ember Supply,Linked,Active,Arjun Park,Toronto,arjun.park@embersupplyc.com,7985915129,6135523949,2026-01-09
SUPP1027,Nexus Supply Co,Nexus Supply,Pending,Active,Isabella Hernandez,Lagos,isabella.hernandez@nexussupplyc.com,7465170885,,2026-03-04
SUPP1028,Helix Holdings,Helix Holdings,Active,Active,David Rossi,Istanbul,david.rossi@helixholding.com,6348135627,6940486378,2026-02-22
SUPP1029,Fusion Manufacturing,Fusion Manufacturing,Linked,Active,Elena Hernandez,San Francisco,elena.hernandez@fusionmanufa.com,,7931124589,2024-07-06
SUPP1030,Quantum International,Quantum International,Active,Active,Ahmed Zhang,Zurich,ahmed.zhang@quantuminter.com,7242535202,,2026-03-21
SUPP1031,Helix Logistics,Helix Logistics,Linked,Active,Luca Brown,Bangkok,luca.brown@helixlogisti.com,7751202645,,2025-07-13
SUPP1032,Delta Consulting,Delta Consulting,Invited,Active,Sofia Park,Istanbul,sofia.park@deltaconsult.com,,7844781015,2025-12-25
SUPP1033,Genesis Logistics,Genesis Logistics,Linked,Active,Elena Dubois,London,elena.dubois@genesislogis.com,9158596827,8275916950,2025-01-10
SUPP1034,Meridian Solutions,Meridian Solutions,Pending,Active,Pierre Smith,Johannesburg,pierre.smith@meridiansolu.com,,8165789904,2025-05-25
SUPP1035,Nexus Holdings,Nexus Holdings,Invited,Active,Robert Smith,Nairobi,robert.smith@nexusholding.com,9179480824,7466487648,2025-08-02
SUPP1036,Atlas Distribution,Atlas Distribution,Active,Active,Charlotte Ali,Lagos,charlotte.ali@atlasdistrib.com,9323766263,,2025-10-12
SUPP1037,Meridian Enterprises,Meridian Enterprises,Active,Active,Mark Hernandez,Chicago,mark.hernandez@meridianente.com,,8280219930,2026-02-21
SUPP1038,Vertex Partners,Vertex Partners,Pending,Active,Raj Patel,Singapore,raj.patel@vertexpartne.com,6359439488,8632249690,2026-01-25
SUPP1039,Summit Solutions,Summit Solutions,Active,Active,Sarah Tanaka,Sydney,sarah.tanaka@summitsoluti.com,,,2025-07-29
SUPP1040,Sterling International,Sterling International,Linked,Active,James Zhang,Berlin,james.zhang@sterlinginte.com,,8517941359,2026-01-29
SUPP1041,Ember Logistics,Ember Logistics,Active,Active,Raj Wang,Berlin,raj.wang@emberlogisti.com,,7251543985,2024-04-21
SUPP1042,Infinity Trading,Infinity Trading,Invited,Active,James Mueller,Paris,james.mueller@infinitytrad.com,7937300961,6288916681,2025-02-19
SUPP1043,Vertex Consulting,Vertex Consulting,Pending,Active,Yuki Wang,Riyadh,yuki.wang@vertexconsul.com,9222367720,,2024-10-22
SUPP1044,Ember Supply Co,Ember Supply,Linked,Active,Lucia Tanaka,Singapore,lucia.tanaka@embersupplyc.com,,,2025-11-07
SUPP1045,Pinnacle Supply Co,Pinnacle Supply,Active,Active,Sofia Brown,Nairobi,sofia.brown@pinnaclesupp.com,6335907697,6390963800,2025-04-09
SUPP1046,Beacon Partners,Beacon Partners,Pending,Active,David Rodriguez,Nairobi,david.rodriguez@beaconpartne.com,8183361471,,2025-07-29
SUPP1047,Frontier Solutions,Frontier Solutions,Pending,Active,Luca Nguyen,Johannesburg,luca.nguyen@frontiersolu.com,8647236457,,2025-03-06
SUPP1048,Horizon Trading,Horizon Trading,Active,Active,Thomas Kumar,Chicago,thomas.kumar@horizontradi.com,9463450541,,2025-12-06
SUPP1049,Ember Solutions,Ember Solutions,Active,Active,Sarah Zhang,Johannesburg,sarah.zhang@embersolutio.com,,6121036078,2026-01-24
SUPP1050,Helix Consulting,Helix Consulting,Pending,Active,David Kumar,Chicago,david.kumar@helixconsult.com,9991587661,,2025-06-11
SUPP1051,Nexus Services,Nexus Services,Pending,Active,Daniel Martinez,Dallas,daniel.martinez@nexusservice.com,,7907192914,2024-12-16
SUPP1052,Vanguard Group,Vanguard Group,Invited,Active,Michael Wang,Stockholm,michael.wang@vanguardgrou.com,7908452894,6137716593,2024-10-18
SUPP1053,Sterling Distribution,Sterling Distribution,Invited,Active,Hans Garcia,Chicago,hans.garcia@sterlingdist.com,8989554250,8781308990,2024-07-21
SUPP1054,Catalyst Logistics,Catalyst Logistics,Active,Active,Robert Kumar,Tokyo,robert.kumar@catalystlogi.com,,8746253206,2024-05-28
SUPP1055,Vertex Holdings,Vertex Holdings,Linked,Active,Sofia Garcia,Johannesburg,sofia.garcia@vertexholdin.com,,,2024-07-31
SUPP1056,Apex Holdings,Apex Holdings,Linked,Active,Michael Tanaka,Johannesburg,michael.tanaka@apexholdings.com,6933958126,7222978144,2025-12-13
SUPP1057,Frontier International,Frontier International,Active,Active,Omar Rossi,Berlin,omar.rossi@frontierinte.com,,6447502961,2026-01-09
SUPP1058,Infinity Enterprises,Infinity Enterprises,Active,Active,Luca Dubois,Mumbai,luca.dubois@infinityente.com,8614881759,8334319035,2024-09-08
SUPP1059,Atlas Technologies,Atlas Technologies,Pending,Active,Omar Hassan,Jakarta,omar.hassan@atlastechnol.com,,,2024-12-02
SUPP1060,Helix Holdings,Helix Holdings,Invited,Active,Omar Nguyen,Sydney,omar.nguyen@helixholding.com,7882208676,8122059086,2024-06-10
SUPP1061,Beacon Supply Co,Beacon Supply,Linked,Active,Robert Garcia,Dubai,robert.garcia@beaconsupply.com,8995508369,8844143924,2026-03-08
SUPP1062,Frontier Logistics,Frontier Logistics,Invited,Active,Sarah Costa,Singapore,sarah.costa@frontierlogi.com,7143228936,6609862077,2024-07-09
SUPP1063,Meridian Trading,Meridian Trading,Linked,Active,Fatima Zhang,Stockholm,fatima.zhang@meridiantrad.com,7935710677,6381034312,2025-08-01
SUPP1064,Apex Supply Co,Apex Supply,Linked,Active,Hans Hassan,Johannesburg,hans.hassan@apexsupplyco.com,8396497589,7244833754,2025-03-17
SUPP1065,Horizon Solutions,Horizon Solutions,Linked,Active,Anna Kim,Toronto,anna.kim@horizonsolut.com,7384667090,9199288980,2024-12-17
SUPP1066,Apex Distribution,Apex Distribution,Pending,Active,Priya Nguyen,Istanbul,priya.nguyen@apexdistribu.com,,6236220628,2024-05-30
SUPP1067,Helix Industries,Helix Industries,Linked,Active,Charlotte Mueller,Casablanca,charlotte.mueller@helixindustr.com,,,2024-08-05
SUPP1068,Genesis Technologies,Genesis Technologies,Pending,Active,Michael Smith,Atlanta,michael.smith@genesistechn.com,9633237808,6332600540,2025-10-17
SUPP1069,Beacon Partners,Beacon Partners,Linked,Active,Robert Weber,Mumbai,robert.weber@beaconpartne.com,,,2025-07-19
SUPP1070,Horizon Solutions,Horizon Solutions,Pending,Active,Thomas Park,Casablanca,thomas.park@horizonsolut.com,6837149279,9498803354,2025-08-08
SUPP1071,Genesis Services,Genesis Services,Active,Active,Luca Zhang,Zurich,luca.zhang@genesisservi.com,,8718501602,2024-06-13
SUPP1072,Synergy Enterprises,Synergy Enterprises,Invited,Active,Lin Tanaka,Istanbul,lin.tanaka@synergyenter.com,8613903503,,2025-03-24
SUPP1073,Ember Holdings,Ember Holdings,Invited,Active,Elena Wang,Seoul,elena.wang@emberholding.com,7927149265,,2025-02-24
SUPP1074,Vertex Systems,Vertex Systems,Invited,Active,Mark Costa,Nairobi,mark.costa@vertexsystem.com,7421856650,9484907417,2024-04-16
SUPP1075,Nexus International,Nexus International,Active,Active,Fatima Hernandez,Boston,fatima.hernandez@nexusinterna.com,9398098950,,2026-01-04
SUPP1076,Clarity Consulting,Clarity Consulting,Active,Active,Elena Weber,Zurich,elena.weber@clarityconsu.com,6640494496,7954232022,2026-03-21
SUPP1077,Pioneer Group,Pioneer Group,Active,Active,Sofia Silva,Zurich,sofia.silva@pioneergroup.com,,8331428853,2024-10-02
SUPP1078,Global Partners,Global Partners,Active,Active,Arjun Martinez,Paris,arjun.martinez@globalpartne.com,7864752111,7466283190,2024-11-30
SUPP1079,Nexus Technologies,Nexus Technologies,Active,Active,Elena Johnson,Johannesburg,elena.johnson@nexustechnol.com,8569984504,6295951642,2026-03-15
SUPP1080,Beacon Holdings,Beacon Holdings,Pending,Active,Ahmed Wang,Lagos,ahmed.wang@beaconholdin.com,7616700155,7619134277,2025-01-09
SUPP1081,Catalyst Systems,Catalyst Systems,Linked,Active,Carlos Costa,Zurich,carlos.costa@catalystsyst.com,9759976026,6619578249,2025-12-22
SUPP1082,Keystone Manufacturing,Keystone Manufacturing,Active,Active,David Brown,London,david.brown@keystonemanu.com,8989437203,7235712204,2024-07-02
SUPP1083,Synergy Holdings,Synergy Holdings,Pending,Active,Anna Sato,Chicago,anna.sato@synergyholdi.com,7243707094,,2025-09-26
SUPP1084,Apex Supply Co,Apex Supply,Invited,Active,Omar Johnson,Bangkok,omar.johnson@apexsupplyco.com,7747835222,,2024-08-26
SUPP1085,Prestige Solutions,Prestige Solutions,Active,Active,Olivia Rodriguez,San Francisco,olivia.rodriguez@prestigesolu.com,,8361872796,2024-07-25
SUPP1086,Apex Manufacturing,Apex Manufacturing,Linked,Active,Emma Miller,Bangkok,emma.miller@apexmanufact.com,,,2024-08-22
SUPP1087,Helix Trading,Helix Trading,Active,Active,Charlotte Hernandez,Sydney,charlotte.hernandez@helixtrading.com,9458931159,,2024-07-14
SUPP1088,Clarity Distribution,Clarity Distribution,Active,Active,James Nguyen,Seattle,james.nguyen@claritydistr.com,8216058637,,2026-02-24
SUPP1089,Meridian Supply Co,Meridian Supply,Invited,Active,Omar Sato,Dubai,omar.sato@meridiansupp.com,8492327618,8443496345,2025-12-22
SUPP1090,Vanguard Systems,Vanguard Systems,Active,Active,Yuki Park,Dallas,yuki.park@vanguardsyst.com,,,2025-10-14
SUPP1091,Global Distribution,Global Distribution,Active,Active,Michael Hernandez,Singapore,michael.hernandez@globaldistri.com,9444519580,,2025-07-13
SUPP1092,Prime Services,Prime Services,Pending,Active,Anna Wang,San Francisco,anna.wang@primeservice.com,6466317485,9388375549,2024-12-12
SUPP1093,Frontier Systems,Frontier Systems,Pending,Active,Olivia Bernard,Zurich,olivia.bernard@frontiersyst.com,6266691496,8603917570,2024-12-05
SUPP1094,Prime Services,Prime Services,Active,Active,Luca Weber,Tokyo,luca.weber@primeservice.com,7166996629,9221336440,2025-04-06
SUPP1095,Helix Systems,Helix Systems,Linked,Active,James Weber,Singapore,james.weber@helixsystems.com,9486372507,7330502703,2024-06-08
SUPP1096,Infinity Manufacturing,Infinity Manufacturing,Invited,Active,Wei Tanaka,Boston,wei.tanaka@infinitymanu.com,7908167917,6867596221,2025-07-17
SUPP1097,Jade Consulting,Jade Consulting,Pending,Active,Carlos Hernandez,Amsterdam,carlos.hernandez@jadeconsulti.com,6287623428,7392113008,2024-06-08
SUPP1098,Apex Industries,Apex Industries,Active,Active,Michael Miller,Boston,michael.miller@apexindustri.com,6184794715,8955976411,2025-07-10
SUPP1099,Genesis Supply Co,Genesis Supply,Active,Active,Olivia Rodriguez,Istanbul,olivia.rodriguez@genesissuppl.com,9310390373,8181813706,2025-05-31
SUPP1100,Nexus Logistics,Nexus Logistics,Active,Active,Lin Park,Jakarta,lin.park@nexuslogisti.com,7147822083,8904025809,2025-04-17
SUPP1101,Beacon Manufacturing,Beacon Manufacturing,Invited,Active,Emma Wang,Riyadh,emma.wang@beaconmanufa.com,,7615911337,2024-05-29
SUPP1102,Helix Systems,Helix Systems,Active,Active,David Garcia,Paris,david.garcia@helixsystems.com,,8186261364,2024-09-12
SUPP1103,Pioneer Solutions,Pioneer Solutions,Linked,Active,Lin Ali,Sydney,lin.ali@pioneersolut.com,8898952557,8657294228,2024-10-11
SUPP1104,Atlas Manufacturing,Atlas Manufacturing,Invited,Active,Anna Mueller,Zurich,anna.mueller@atlasmanufac.com,,,2026-01-16
SUPP1105,Keystone Services,Keystone Services,Invited,Active,Michael Schmidt,Johannesburg,michael.schmidt@keystoneserv.com,7667077431,9916535985,2025-03-17
SUPP1106,Helix Solutions,Helix Solutions,Active,Active,Luca Dubois,Bangkok,luca.dubois@helixsolutio.com,,6744583469,2024-09-12
SUPP1107,Genesis International,Genesis International,Invited,Active,Fatima Garcia,Riyadh,fatima.garcia@genesisinter.com,,9280764555,2026-02-17
SUPP1108,Quantum Partners,Quantum Partners,Active,Active,David Costa,Jakarta,david.costa@quantumpartn.com,6885531999,,2024-11-15
SUPP1109,Elevate International,Elevate International,Linked,Active,Arjun Wang,Toronto,arjun.wang@elevateinter.com,8906873464,9401085612,2024-08-03
SUPP1110,Jade Supply Co,Jade Supply,Invited,Active,James Martinez,Dubai,james.martinez@jadesupplyco.com,8702901996,9917337241,2025-09-30
SUPP1111,Synergy Supply Co,Synergy Supply,Pending,Active,David Garcia,Cairo,david.garcia@synergysuppl.com,6750735221,,2026-03-31
SUPP1112,Delta Trading,Delta Trading,Invited,Active,Thomas Zhang,Dallas,thomas.zhang@deltatrading.com,,9721001528,2024-07-07
SUPP1113,Vertex Supply Co,Vertex Supply,Pending,Active,Ahmed Brown,Jakarta,ahmed.brown@vertexsupply.com,6948465691,7858343485,2025-09-05
SUPP1114,Keystone Enterprises,Keystone Enterprises,Linked,Active,Sofia Patel,Madrid,sofia.patel@keystoneente.com,9979316882,,2024-12-19
SUPP1115,Jade Technologies,Jade Technologies,Linked,Active,Olivia Kumar,Nairobi,olivia.kumar@jadetechnolo.com,9840114669,7711014468,2025-07-21
SUPP1116,Keystone Logistics,Keystone Logistics,Active,Active,Sofia Brown,Boston,sofia.brown@keystonelogi.com,,,2025-11-28
SUPP1117,Vertex Industries,Vertex Industries,Active,Active,Michael Dubois,Cairo,michael.dubois@vertexindust.com,8729928759,8886332198,2025-07-11
SUPP1118,Catalyst Services,Catalyst Services,Active,Active,Elena Patel,Tokyo,elena.patel@catalystserv.com,8845568759,6766628356,2025-12-28
SUPP1119,Pioneer Distribution,Pioneer Distribution,Linked,Active,Raj Costa,Mumbai,raj.costa@pioneerdistr.com,,6824220440,2025-07-13
SUPP1120,Global Manufacturing,Global Manufacturing,Linked,Active,Pierre Schmidt,Sydney,pierre.schmidt@globalmanufa.com,7181261245,9284041427,2024-12-17
SUPP1121,Clarity Partners,Clarity Partners,Pending,Active,Ahmed Dubois,Toronto,ahmed.dubois@claritypartn.com,6727999753,,2024-07-16
SUPP1122,Prime Enterprises,Prime Enterprises,Linked,Active,Marie Singh,Casablanca,marie.singh@primeenterpr.com,8676271537,8491280597,2024-08-13
SUPP1123,Vertex Distribution,Vertex Distribution,Active,Active,Luca Rodriguez,Singapore,luca.rodriguez@vertexdistri.com,,,2025-04-13
SUPP1124,Apex Industries,Apex Industries,Linked,Active,Daniel Zhang,Tokyo,daniel.zhang@apexindustri.com,,,2025-09-10
SUPP1125,Catalyst Technologies,Catalyst Technologies,Pending,Active,Isabella Hernandez,Nairobi,isabella.hernandez@catalysttech.com,8780502351,6307450914,2024-05-22
SUPP1126,Fusion Distribution,Fusion Distribution,Linked,Active,Pierre Zhang,Nairobi,pierre.zhang@fusiondistri.com,6635384983,7275654598,2025-01-20
SUPP1127,Pinnacle Group,Pinnacle Group,Active,Active,Lucia Kim,Casablanca,lucia.kim@pinnaclegrou.com,,,2025-04-25
SUPP1128,Prime Services,Prime Services,Pending,Active,Hans Patel,Toronto,hans.patel@primeservice.com,,,2024-05-02
SUPP1129,Apex International,Apex International,Linked,Active,Wei Mueller,Toronto,wei.mueller@apexinternat.com,8203364444,6823531862,2024-07-14
SUPP1130,Vertex Services,Vertex Services,Active,Active,Ahmed Smith,Istanbul,ahmed.smith@vertexservic.com,6467077518,9872054409,2025-12-24
SUPP1131,Jade Partners,Jade Partners,Active,Active,Thomas Anderson,Milan,thomas.anderson@jadepartners.com,,7918559740,2024-09-10
SUPP1132,Helix Technologies,Helix Technologies,Linked,Active,Anna Mueller,Singapore,anna.mueller@helixtechnol.com,,8259145178,2024-12-06
SUPP1133,Vertex Technologies,Vertex Technologies,Linked,Active,Luca Brown,Paris,luca.brown@vertextechno.com,,8641918908,2024-09-04
SUPP1134,Keystone Manufacturing,Keystone Manufacturing,Pending,Active,Priya Garcia,Singapore,priya.garcia@keystonemanu.com,,8561589758,2025-05-10
SUPP1135,Pioneer Distribution,Pioneer Distribution,Active,Active,Omar Miller,Chicago,omar.miller@pioneerdistr.com,9775788332,6273464597,2025-10-20
SUPP1136,Global Partners,Global Partners,Linked,Active,Fatima Kim,Mumbai,fatima.kim@globalpartne.com,,9855357216,2025-02-21
SUPP1137,Nexus Enterprises,Nexus Enterprises,Active,Active,Lucia Ali,Shanghai,lucia.ali@nexusenterpr.com,,6464288848,2026-01-30
SUPP1138,Sterling Partners,Sterling Partners,Pending,Active,Luca Rossi,Seoul,luca.rossi@sterlingpart.com,6450721601,,2025-04-14
SUPP1139,Fusion Enterprises,Fusion Enterprises,Pending,Active,Olivia Patel,Jakarta,olivia.patel@fusionenterp.com,6879535115,,2025-06-17
SUPP1140,Apex Holdings,Apex Holdings,Pending,Active,Carlos Wang,Atlanta,carlos.wang@apexholdings.com,9366189736,,2025-07-05
SUPP1141,Keystone Partners,Keystone Partners,Active,Active,Mark Park,Bangkok,mark.park@keystonepart.com,6180783069,6811659680,2024-06-16
SUPP1142,Nexus Partners,Nexus Partners,Invited,Active,Anna Zhang,Stockholm,anna.zhang@nexuspartner.com,,9723862206,2026-01-30
SUPP1143,Atlas International,Atlas International,Linked,Active,Hans Kumar,Seoul,hans.kumar@atlasinterna.com,8474343894,7885038691,2025-11-15
SUPP1144,Ember Services,Ember Services,Linked,Active,Fatima Kumar,Zurich,fatima.kumar@emberservice.com,8571973436,8427364203,2024-08-03
SUPP1145,Pioneer International,Pioneer International,Active,Active,Olivia Rossi,Istanbul,olivia.rossi@pioneerinter.com,9822776818,9231464070,2025-10-28
SUPP1146,Nexus Trading,Nexus Trading,Linked,Active,Emma Rodriguez,Lagos,emma.rodriguez@nexustrading.com,9726733300,7137026859,2024-10-25
SUPP1147,Prime Consulting,Prime Consulting,Active,Active,Lucia Kim,Singapore,lucia.kim@primeconsult.com,8854347573,,2026-03-04
SUPP1148,Summit Group,Summit Group,Active,Active,Emma Rodriguez,Boston,emma.rodriguez@summitgroup.com,6256367309,7865106716,2025-02-05
SUPP1149,Atlas Logistics,Atlas Logistics,Pending,Active,Olivia Park,Jakarta,olivia.park@atlaslogisti.com,8223346914,8782811422,2025-04-05
SUPP1150,Vanguard Enterprises,Vanguard Enterprises,Active,Active,Ahmed Rossi,Nairobi,ahmed.rossi@vanguardente.com,9791690794,6635930499,2025-09-29
SUPP1151,Infinity Supply Co,Infinity Supply,Pending,Active,Robert Miller,Paris,robert.miller@infinitysupp.com,6528592029,9511106750,2025-10-23
SUPP1152,Catalyst Holdings,Catalyst Holdings,Linked,Active,David Zhang,Atlanta,david.zhang@catalysthold.com,,7629459336,2025-09-15
SUPP1153,Nexus Manufacturing,Nexus Manufacturing,Active,Active,Anna Dubois,Madrid,anna.dubois@nexusmanufac.com,,6722414824,2025-12-07
SUPP1154,Prime Holdings,Prime Holdings,Active,Active,Hans Park,Mumbai,hans.park@primeholding.com,,7572110173,2024-06-28
SUPP1155,Meridian Manufacturing,Meridian Manufacturing,Active,Active,David Park,Johannesburg,david.park@meridianmanu.com,,8140807344,2025-12-24
SUPP1156,Prime Trading,Prime Trading,Active,Active,Olivia Johnson,Singapore,olivia.johnson@primetrading.com,7788705952,8730610078,2024-09-10
SUPP1157,Prestige International,Prestige International,Active,Active,Omar Smith,Singapore,omar.smith@prestigeinte.com,6579771604,7590122046,2025-03-03
SUPP1158,Summit Technologies,Summit Technologies,Pending,Active,Hans Wang,Paris,hans.wang@summittechno.com,,,2024-07-10
SUPP1159,Vanguard Enterprises,Vanguard Enterprises,Invited,Active,Elena Mueller,Zurich,elena.mueller@vanguardente.com,7712283091,,2025-03-02
SUPP1160,Prime Group,Prime Group,Linked,Active,Daniel Kim,Dubai,daniel.kim@primegroup.com,6143606154,8407093385,2025-09-03
SUPP1161,Genesis Supply Co,Genesis Supply,Active,Active,Michael Brown,Tokyo,michael.brown@genesissuppl.com,8313977642,,2024-06-01
SUPP1162,Sterling Distribution,Sterling Distribution,Linked,Active,Elena Anderson,Riyadh,elena.anderson@sterlingdist.com,7544677710,8128719991,2024-05-23
SUPP1163,Synergy Systems,Synergy Systems,Active,Active,Anna Dubois,Lagos,anna.dubois@synergysyste.com,8566574432,6361690019,2025-04-21
SUPP1164,Vanguard Solutions,Vanguard Solutions,Active,Active,Emma Rossi,Jakarta,emma.rossi@vanguardsolu.com,9749446266,9120399474,2024-05-20
SUPP1165,Pioneer Technologies,Pioneer Technologies,Active,Active,Emma Weber,Madrid,emma.weber@pioneertechn.com,8924421973,,2025-12-20
SUPP1166,Meridian Enterprises,Meridian Enterprises,Active,Active,Carlos Kumar,Nairobi,carlos.kumar@meridianente.com,,7621100964,2024-04-28
SUPP1167,Vertex Holdings,Vertex Holdings,Linked,Active,Fatima Kim,Milan,fatima.kim@vertexholdin.com,,,2025-09-22
SUPP1168,Helix Solutions,Helix Solutions,Linked,Active,Omar Rossi,Cairo,omar.rossi@helixsolutio.com,7814997627,6690718016,2024-09-07
SUPP1169,Vanguard Partners,Vanguard Partners,Active,Active,Elena Park,Riyadh,elena.park@vanguardpart.com,7218467964,9175484764,2025-02-19
SUPP1170,Pioneer Supply Co,Pioneer Supply,Active,Active,Fatima Rodriguez,Boston,fatima.rodriguez@pioneersuppl.com,6900177393,8349210275,2025-12-18
SUPP1171,Jade Partners,Jade Partners,Active,Active,Carlos Tanaka,Boston,carlos.tanaka@jadepartners.com,,6170692829,2025-01-24
SUPP1172,Pinnacle Consulting,Pinnacle Consulting,Linked,Active,Yuki Martinez,Berlin,yuki.martinez@pinnaclecons.com,7655730600,6144481272,2025-01-23
SUPP1173,Elevate Holdings,Elevate Holdings,Pending,Active,Olivia Tanaka,Dallas,olivia.tanaka@elevateholdi.com,,8921407250,2025-08-11
SUPP1174,Prime Group,Prime Group,Linked,Active,David Martinez,Paris,david.martinez@primegroup.com,,,2024-07-28
SUPP1175,Apex Trading,Apex Trading,Active,Active,Daniel Dubois,Jakarta,daniel.dubois@apextrading.com,,,2024-07-17
SUPP1176,Pioneer International,Pioneer International,Active,Active,Marie Hassan,Casablanca,marie.hassan@pioneerinter.com,,9520261917,2025-08-06
SUPP1177,Jade Enterprises,Jade Enterprises,Linked,Active,Marie Weber,Tokyo,marie.weber@jadeenterpri.com,9993880114,8492115387,2025-05-17
SUPP1178,Nexus Technologies,Nexus Technologies,Invited,Active,Robert Johnson,Seattle,robert.johnson@nexustechnol.com,7533441644,8178018187,2025-07-19
SUPP1179,Sterling Industries,Sterling Industries,Active,Active,Sarah Park,Istanbul,sarah.park@sterlingindu.com,,8588116560,2025-01-07
SUPP1180,Catalyst Logistics,Catalyst Logistics,Linked,Active,David Dubois,Chicago,david.dubois@catalystlogi.com,,,2024-10-10
SUPP1181,Jade Supply Co,Jade Supply,Active,Active,Lucia Miller,London,lucia.miller@jadesupplyco.com,7732281763,,2025-12-17
SUPP1182,Clarity Industries,Clarity Industries,Invited,Active,Sarah Brown,Nairobi,sarah.brown@clarityindus.com,,,2024-12-03
SUPP1183,Horizon Systems,Horizon Systems,Linked,Active,Sofia Anderson,San Francisco,sofia.anderson@horizonsyste.com,6309589708,,2024-09-15
SUPP1184,Helix Services,Helix Services,Pending,Active,Michael Mueller,New York,michael.mueller@helixservice.com,,6674983318,2025-05-31
SUPP1185,Pinnacle Trading,Pinnacle Trading,Active,Active,James Nguyen,Singapore,james.nguyen@pinnacletrad.com,,9354642792,2025-10-14
SUPP1186,Infinity Supply Co,Infinity Supply,Linked,Active,David Garcia,San Francisco,david.garcia@infinitysupp.com,7289366379,,2025-09-15
SUPP1187,Jade Distribution,Jade Distribution,Invited,Active,Raj Costa,Casablanca,raj.costa@jadedistribu.com,,8698745957,2026-02-28
SUPP1188,Keystone Enterprises,Keystone Enterprises,Linked,Active,Fatima Tanaka,Riyadh,fatima.tanaka@keystoneente.com,8197175480,7883226159,2024-05-06
SUPP1189,Delta Supply Co,Delta Supply,Pending,Active,Thomas Rossi,Milan,thomas.rossi@deltasupplyc.com,,7157671945,2025-10-12
SUPP1190,Fusion Supply Co,Fusion Supply,Invited,Active,Priya Singh,San Francisco,priya.singh@fusionsupply.com,7526094782,,2024-09-15
SUPP1191,Horizon Consulting,Horizon Consulting,Pending,Active,Luca Nguyen,Shanghai,luca.nguyen@horizonconsu.com,,8737222016,2024-12-13
SUPP1192,Keystone Partners,Keystone Partners,Linked,Active,Wei Hernandez,Amsterdam,wei.hernandez@keystonepart.com,8531653043,,2025-02-10
SUPP1193,Apex Services,Apex Services,Linked,Active,Lucia Patel,Seattle,lucia.patel@apexservices.com,,8494235256,2026-03-18
SUPP1194,Keystone Holdings,Keystone Holdings,Invited,Active,Charlotte Wang,Boston,charlotte.wang@keystonehold.com,,7989121424,2026-03-31
SUPP1195,Synergy Manufacturing,Synergy Manufacturing,Pending,Active,Yuki Kim,Lagos,yuki.kim@synergymanuf.com,,,2025-10-30
SUPP1196,Horizon Group,Horizon Group,Linked,Active,Yuki Johnson,Zurich,yuki.johnson@horizongroup.com,9662990051,9227639431,2024-05-29
SUPP1197,Sterling Industries,Sterling Industries,Pending,Active,Pierre Singh,Toronto,pierre.singh@sterlingindu.com,,,2025-02-10
SUPP1198,Apex Enterprises,Apex Enterprises,Linked,Active,Omar Garcia,Amsterdam,omar.garcia@apexenterpri.com,,,2026-03-23
SUPP1199,Pinnacle Manufacturing,Pinnacle Manufacturing,Linked,Active,Pierre Bernard,Istanbul,pierre.bernard@pinnaclemanu.com,9941342465,,2025-07-31
SUPP1200,Pinnacle Logistics,Pinnacle Logistics,Linked,Active,Robert Smith,Boston,robert.smith@pinnaclelogi.com,8313021416,7665699244,2025-02-18
SUPP1201,Fusion Supply Co,Fusion Supply,Active,Active,Olivia Bernard,Zurich,olivia.bernard@fusionsupply.com,6515065375,6295493439,2024-10-20
SUPP1202,Elevate Industries,Elevate Industries,Linked,Active,Robert Rodriguez,Paris,robert.rodriguez@elevateindus.com,8858201720,,2025-10-16
SUPP1203,Meridian Supply Co,Meridian Supply,Active,Active,Marie Kumar,Lagos,marie.kumar@meridiansupp.com,,6335344989,2024-08-26
SUPP1204,Quantum Logistics,Quantum Logistics,Invited,Active,Isabella Nguyen,Sydney,isabella.nguyen@quantumlogis.com,9601797893,,2025-12-26
SUPP1205,Sterling Partners,Sterling Partners,Pending,Active,Emma Dubois,Mumbai,emma.dubois@sterlingpart.com,,6321456391,2025-10-05
SUPP1206,Meridian International,Meridian International,Active,Active,Charlotte Weber,Seattle,charlotte.weber@meridianinte.com,7268591948,7238090005,2025-04-01
SUPP1207,Clarity Logistics,Clarity Logistics,Active,Active,Elena Ali,Bangkok,elena.ali@claritylogis.com,8588298909,,2026-02-06
SUPP1208,Clarity Services,Clarity Services,Invited,Active,Pierre Miller,Casablanca,pierre.miller@clarityservi.com,6815295496,6831145932,2024-06-01
SUPP1209,Vertex Distribution,Vertex Distribution,Linked,Active,Luca Anderson,Tokyo,luca.anderson@vertexdistri.com,7765133731,,2026-03-06
SUPP1210,Elevate Enterprises,Elevate Enterprises,Active,Active,Thomas Anderson,Mumbai,thomas.anderson@elevateenter.com,6995727699,6586047470,2024-11-02
SUPP1211,Meridian Manufacturing,Meridian Manufacturing,Active,Active,Arjun Williams,Riyadh,arjun.williams@meridianmanu.com,8393148371,,2024-08-23
SUPP1212,Infinity Consulting,Infinity Consulting,Active,Active,Hans Singh,Dallas,hans.singh@infinitycons.com,8143158169,8836456315,2025-12-20
SUPP1213,Fusion Industries,Fusion Industries,Linked,Active,Omar Rodriguez,Stockholm,omar.rodriguez@fusionindust.com,7865685471,6339545164,2025-04-08
SUPP1214,Synergy Group,Synergy Group,Active,Active,Pierre Zhang,Stockholm,pierre.zhang@synergygroup.com,6907456767,,2025-04-30
SUPP1215,Atlas Industries,Atlas Industries,Active,Active,Daniel Mueller,London,daniel.mueller@atlasindustr.com,8853209591,,2025-06-25
SUPP1216,Quantum Enterprises,Quantum Enterprises,Pending,Active,Carlos Costa,Dallas,carlos.costa@quantumenter.com,6838490876,7908391440,2025-05-06
SUPP1217,Meridian Technologies,Meridian Technologies,Active,Active,Arjun Singh,London,arjun.singh@meridiantech.com,6814377799,6848610188,2025-11-13
SUPP1218,Ember Trading,Ember Trading,Invited,Active,Yuki Park,Chicago,yuki.park@embertrading.com,7226706496,8824764231,2025-08-12
SUPP1219,Jade Logistics,Jade Logistics,Pending,Active,Omar Miller,Istanbul,omar.miller@jadelogistic.com,7865497552,6880148365,2025-03-10
SUPP1220,Keystone Holdings,Keystone Holdings,Active,Active,Sofia Brown,Amsterdam,sofia.brown@keystonehold.com,8154041645,9393895447,2025-03-05
SUPP1221,Meridian Systems,Meridian Systems,Invited,Active,Sarah Brown,Johannesburg,sarah.brown@meridiansyst.com,6571429536,,2026-03-31
SUPP1222,Global Supply Co,Global Supply,Linked,Active,Sofia Sato,Paris,sofia.sato@globalsupply.com,,9287058984,2026-01-15
SUPP1223,Vertex Solutions,Vertex Solutions,Active,Active,Emma Martinez,Bangkok,emma.martinez@vertexsoluti.com,7172674798,,2025-04-09
SUPP1224,Keystone Holdings,Keystone Holdings,Pending,Active,Priya Hassan,Shanghai,priya.hassan@keystonehold.com,,,2024-04-14
SUPP1225,Nexus Industries,Nexus Industries,Pending,Active,Lucia Sato,Zurich,lucia.sato@nexusindustr.com,,,2025-07-11
SUPP1226,Infinity Systems,Infinity Systems,Linked,Active,Yuki Mueller,Dallas,yuki.mueller@infinitysyst.com,9756188287,,2025-03-19
SUPP1227,Synergy Enterprises,Synergy Enterprises,Pending,Active,Luca Brown,Atlanta,luca.brown@synergyenter.com,9944765651,,2026-01-24
SUPP1228,Global Systems,Global Systems,Linked,Active,Wei Costa,London,wei.costa@globalsystem.com,,,2025-03-14
SUPP1229,Beacon International,Beacon International,Active,Active,Robert Smith,Nairobi,robert.smith@beaconintern.com,9926409552,9315077810,2025-05-12
SUPP1230,Vertex Logistics,Vertex Logistics,Active,Active,Sarah Zhang,Shanghai,sarah.zhang@vertexlogist.com,8805775374,,2025-11-23
SUPP1231,Genesis Consulting,Genesis Consulting,Invited,Active,Omar Miller,Stockholm,omar.miller@genesisconsu.com,9714772474,8573557914,2025-07-14
SUPP1232,Elevate Enterprises,Elevate Enterprises,Pending,Active,Sarah Costa,Lagos,sarah.costa@elevateenter.com,8676465630,7568742215,2025-11-25
SUPP1233,Synergy Enterprises,Synergy Enterprises,Linked,Active,James Johnson,Seattle,james.johnson@synergyenter.com,6782238842,9641238686,2025-12-24
SUPP1234,Keystone Solutions,Keystone Solutions,Linked,Active,Charlotte Silva,Lagos,charlotte.silva@keystonesolu.com,,6652620096,2025-06-11
SUPP1235,Infinity Holdings,Infinity Holdings,Invited,Active,Michael Zhang,Nairobi,michael.zhang@infinityhold.com,6470515733,9437925810,2025-01-26
SUPP1236,Horizon Industries,Horizon Industries,Active,Active,Isabella Dubois,Dallas,isabella.dubois@horizonindus.com,8168675663,9108139664,2024-04-18
SUPP1237,Synergy Holdings,Synergy Holdings,Linked,Active,Olivia Smith,Mumbai,olivia.smith@synergyholdi.com,,,2024-11-16
SUPP1238,Meridian Solutions,Meridian Solutions,Linked,Active,James Sato,Seattle,james.sato@meridiansolu.com,6956352636,,2025-10-11
SUPP1239,Atlas Group,Atlas Group,Pending,Active,James Hernandez,Jakarta,james.hernandez@atlasgroup.com,,8316275430,2025-07-13
SUPP1240,Helix International,Helix International,Active,Active,Anna Tanaka,Amsterdam,anna.tanaka@helixinterna.com,,,2024-11-06
SUPP1241,Fusion Manufacturing,Fusion Manufacturing,Pending,Active,Lucia Bernard,Milan,lucia.bernard@fusionmanufa.com,9312088743,6147396385,2025-06-04
SUPP1242,Prime Distribution,Prime Distribution,Active,Active,Omar Silva,New York,omar.silva@primedistrib.com,6371858925,7269529049,2024-12-16
SUPP1243,Pioneer Consulting,Pioneer Consulting,Linked,Active,Hans Dubois,Atlanta,hans.dubois@pioneerconsu.com,,9960411919,2025-07-20
SUPP1244,Keystone Logistics,Keystone Logistics,Linked,Active,James Rodriguez,Atlanta,james.rodriguez@keystonelogi.com,8797097046,6928939222,2024-06-10
SUPP1245,Sterling Supply Co,Sterling Supply,Active,Active,Sarah Anderson,Boston,sarah.anderson@sterlingsupp.com,9413501643,,2026-03-06
SUPP1246,Sterling Partners,Sterling Partners,Active,Active,Lin Mueller,Shanghai,lin.mueller@sterlingpart.com,,6729777038,2025-06-14
SUPP1247,Meridian Distribution,Meridian Distribution,Linked,Active,Marie Dubois,Seoul,marie.dubois@meridiandist.com,9612910599,6758530470,2026-02-05
SUPP1248,Atlas Systems,Atlas Systems,Active,Active,Yuki Kim,Seoul,yuki.kim@atlassystems.com,8813747171,9718004824,2026-03-31
SUPP1249,Jade Solutions,Jade Solutions,Pending,Active,Charlotte Smith,London,charlotte.smith@jadesolution.com,,9935833886,2025-12-08
SUPP1250,Pioneer Partners,Pioneer Partners,Active,Active,Ahmed Tanaka,Seoul,ahmed.tanaka@pioneerpartn.com,6775493288,,2025-06-15
SUPP1251,Beacon Trading,Beacon Trading,Invited,Active,Elena Wang,Berlin,elena.wang@beacontradin.com,,6300799743,2024-06-11
SUPP1252,Nexus Holdings,Nexus Holdings,Linked,Active,Omar Anderson,Madrid,omar.anderson@nexusholding.com,9757178260,,2024-08-12
SUPP1253,Pioneer Distribution,Pioneer Distribution,Linked,Active,Priya Rossi,Paris,priya.rossi@pioneerdistr.com,9154901426,,2025-09-13
SUPP1254,Frontier Technologies,Frontier Technologies,Active,Active,Hans Singh,Atlanta,hans.singh@frontiertech.com,8937062487,,2025-02-28
SUPP1255,Pioneer Systems,Pioneer Systems,Active,Active,Emma Miller,Madrid,emma.miller@pioneersyste.com,,9719657387,2025-07-30
SUPP1256,Pinnacle Group,Pinnacle Group,Linked,Active,Michael Ali,Berlin,michael.ali@pinnaclegrou.com,,,2024-05-19
SUPP1257,Atlas Logistics,Atlas Logistics,Active,Active,Lin Zhang,Cairo,lin.zhang@atlaslogisti.com,8109853003,,2026-03-21
SUPP1258,Catalyst Logistics,Catalyst Logistics,Active,Active,James Rossi,Berlin,james.rossi@catalystlogi.com,,,2024-09-14
SUPP1259,Ember Logistics,Ember Logistics,Active,Active,Robert Rodriguez,Bangkok,robert.rodriguez@emberlogisti.com,,7929510541,2025-02-19
SUPP1260,Genesis Technologies,Genesis Technologies,Pending,Active,David Park,London,david.park@genesistechn.com,8442476394,7179628764,2025-01-06
SUPP1261,Infinity Systems,Infinity Systems,Pending,Active,Isabella Miller,Atlanta,isabella.miller@infinitysyst.com,8213669929,7737985233,2024-06-05
SUPP1262,Fusion Systems,Fusion Systems,Active,Active,Pierre Silva,Jakarta,pierre.silva@fusionsystem.com,8519972397,7934715024,2024-05-25
SUPP1263,Helix Supply Co,Helix Supply,Active,Active,Fatima Zhang,Paris,fatima.zhang@helixsupplyc.com,7731881981,7132790912,2025-06-01
SUPP1264,Prime Holdings,Prime Holdings,Pending,Active,Daniel Kim,Bangkok,daniel.kim@primeholding.com,8543236918,,2025-09-04
SUPP1265,Prestige Supply Co,Prestige Supply,Invited,Active,Ahmed Tanaka,Casablanca,ahmed.tanaka@prestigesupp.com,,6136488351,2024-04-19
SUPP1266,Catalyst Services,Catalyst Services,Pending,Active,Luca Silva,Zurich,luca.silva@catalystserv.com,,7342341435,2024-09-07
SUPP1267,Fusion Supply Co,Fusion Supply,Linked,Active,Carlos Mueller,New York,carlos.mueller@fusionsupply.com,9903515250,9994183309,2026-01-15
SUPP1268,Synergy Trading,Synergy Trading,Linked,Active,Priya Kim,Amsterdam,priya.kim@synergytradi.com,9564437899,,2026-03-31
SUPP1269,Sterling Enterprises,Sterling Enterprises,Active,Active,Sofia Weber,Mumbai,sofia.weber@sterlingente.com,9871263821,9137964961,2025-06-27
SUPP1270,Summit Enterprises,Summit Enterprises,Linked,Active,Arjun Patel,London,arjun.patel@summitenterp.com,,8904862280,2025-11-28
SUPP1271,Elevate Solutions,Elevate Solutions,Pending,Active,Hans Sato,Dallas,hans.sato@elevatesolut.com,9132006980,,2025-05-22
SUPP1272,Fusion Technologies,Fusion Technologies,Active,Active,Sofia Martinez,Istanbul,sofia.martinez@fusiontechno.com,9523627273,8259314184,2024-12-31
SUPP1273,Jade Logistics,Jade Logistics,Invited,Active,Elena Patel,New York,elena.patel@jadelogistic.com,8882266176,6388292459,2025-05-12
SUPP1274,Meridian Group,Meridian Group,Pending,Active,Emma Williams,Singapore,emma.williams@meridiangrou.com,,7356896418,2025-07-18
SUPP1275,Horizon Industries,Horizon Industries,Linked,Active,Lucia Kim,Paris,lucia.kim@horizonindus.com,6395570513,,2024-08-13
SUPP1276,Sterling Consulting,Sterling Consulting,Linked,Active,Pierre Williams,Sydney,pierre.williams@sterlingcons.com,,6451798438,2024-05-02
SUPP1277,Meridian Technologies,Meridian Technologies,Pending,Active,Fatima Johnson,Jakarta,fatima.johnson@meridiantech.com,8408292467,,2024-05-21
SUPP1278,Summit Services,Summit Services,Linked,Active,Yuki Costa,Bangkok,yuki.costa@summitservic.com,8636361277,,2025-05-05
SUPP1279,Catalyst Systems,Catalyst Systems,Linked,Active,Omar Miller,Paris,omar.miller@catalystsyst.com,,8984983617,2026-01-25
SUPP1280,Atlas Partners,Atlas Partners,Active,Active,Lin Brown,Paris,lin.brown@atlaspartner.com,,,2026-01-25
SUPP1281,Quantum Technologies,Quantum Technologies,Linked,Active,Raj Silva,Seattle,raj.silva@quantumtechn.com,,,2025-05-05
SUPP1282,Nexus Distribution,Nexus Distribution,Invited,Active,Elena Sato,Boston,elena.sato@nexusdistrib.com,9159290393,8946183182,2025-11-29
SUPP1283,Elevate International,Elevate International,Pending,Active,Lin Bernard,Sydney,lin.bernard@elevateinter.com,9780161556,,2024-11-19
SUPP1284,Fusion Partners,Fusion Partners,Active,Active,Fatima Dubois,Chicago,fatima.dubois@fusionpartne.com,6877103939,8889225363,2025-11-06
SUPP1285,Horizon Systems,Horizon Systems,Invited,Active,Yuki Rodriguez,Nairobi,yuki.rodriguez@horizonsyste.com,,,2024-04-05
SUPP1286,Vanguard Manufacturing,Vanguard Manufacturing,Linked,Active,Wei Williams,San Francisco,wei.williams@vanguardmanu.com,9156875900,8656371077,2024-06-14
SUPP1287,Keystone Logistics,Keystone Logistics,Invited,Active,Wei Rodriguez,Milan,wei.rodriguez@keystonelogi.com,6942079355,8766138739,2026-02-16
SUPP1288,Keystone Distribution,Keystone Distribution,Active,Active,Priya Martinez,Milan,priya.martinez@keystonedist.com,8469919285,8624080966,2025-12-12
SUPP1289,Clarity Consulting,Clarity Consulting,Active,Active,Pierre Tanaka,Amsterdam,pierre.tanaka@clarityconsu.com,8600152287,6609708597,2025-03-26
SUPP1290,Fusion Manufacturing,Fusion Manufacturing,Active,Active,David Tanaka,Atlanta,david.tanaka@fusionmanufa.com,7307068946,,2024-11-03
SUPP1291,Prestige Holdings,Prestige Holdings,Linked,Active,Fatima Johnson,Mumbai,fatima.johnson@prestigehold.com,6381510414,,2024-05-29
SUPP1292,Atlas Distribution,Atlas Distribution,Active,Active,Olivia Anderson,Tokyo,olivia.anderson@atlasdistrib.com,6220498588,8583977803,2024-05-05
SUPP1293,Meridian Logistics,Meridian Logistics,Pending,Active,Carlos Bernard,Shanghai,carlos.bernard@meridianlogi.com,9754836559,9852035576,2025-10-16
SUPP1294,Ember Group,Ember Group,Active,Active,Hans Costa,London,hans.costa@embergroup.com,9300870215,9381224859,2025-12-21
SUPP1295,Pioneer Solutions,Pioneer Solutions,Active,Active,Wei Mueller,London,wei.mueller@pioneersolut.com,6614552606,6666576362,2024-07-14
SUPP1296,Vertex Logistics,Vertex Logistics,Pending,Active,Charlotte Costa,Sydney,charlotte.costa@vertexlogist.com,,8291506320,2025-04-09
SUPP1297,Infinity Services,Infinity Services,Pending,Active,Elena Costa,Milan,elena.costa@infinityserv.com,8550553643,,2024-07-11
SUPP1298,Helix International,Helix International,Invited,Active,Sarah Kim,Nairobi,sarah.kim@helixinterna.com,9668606914,,2024-08-06
SUPP1299,Prime Enterprises,Prime Enterprises,Pending,Active,Elena Martinez,Johannesburg,elena.martinez@primeenterpr.com,,7676703186,2024-05-25
SUPP1300,Vertex Distribution,Vertex Distribution,Pending,Active,Wei Bernard,Cairo,wei.bernard@vertexdistri.com,8373395109,9860211958,2025-12-03
SUPP1301,Infinity Partners,Infinity Partners,Invited,Active,Ahmed Patel,Lagos,ahmed.patel@infinitypart.com,8891669864,,2025-11-11
SUPP1302,Prestige Consulting,Prestige Consulting,Linked,Active,Daniel Hernandez,London,daniel.hernandez@prestigecons.com,,9489465354,2024-09-22
SUPP1303,Jade Logistics,Jade Logistics,Linked,Active,Priya Bernard,Nairobi,priya.bernard@jadelogistic.com,,,2024-10-25
SUPP1304,Genesis Manufacturing,Genesis Manufacturing,Linked,Active,Carlos Nguyen,Tokyo,carlos.nguyen@genesismanuf.com,,,2025-05-05
SUPP1305,Synergy Consulting,Synergy Consulting,Active,Active,Omar Tanaka,Tokyo,omar.tanaka@synergyconsu.com,7729857568,9385041020,2025-11-07
SUPP1306,Nexus Industries,Nexus Industries,Linked,Active,Carlos Zhang,Nairobi,carlos.zhang@nexusindustr.com,,,2024-09-02
SUPP1307,Apex Services,Apex Services,Linked,Active,Anna Schmidt,Atlanta,anna.schmidt@apexservices.com,7457355363,8826268416,2025-02-15
SUPP1308,Keystone Solutions,Keystone Solutions,Active,Active,Yuki Hernandez,Sydney,yuki.hernandez@keystonesolu.com,8965211340,,2024-10-18
SUPP1309,Jade Trading,Jade Trading,Active,Active,Isabella Martinez,Tokyo,isabella.martinez@jadetrading.com,,8127893192,2024-09-26
SUPP1310,Clarity Partners,Clarity Partners,Active,Active,Elena Rossi,Istanbul,elena.rossi@claritypartn.com,9281551152,8537065804,2024-06-01
SUPP1311,Quantum Trading,Quantum Trading,Active,Active,Lucia Anderson,Nairobi,lucia.anderson@quantumtradi.com,6115005158,6421893484,2026-01-12
SUPP1312,Prime Partners,Prime Partners,Active,Active,Priya Kumar,Stockholm,priya.kumar@primepartner.com,6181842559,6308889629,2025-07-31
SUPP1313,Infinity Supply Co,Infinity Supply,Pending,Active,Charlotte Costa,Stockholm,charlotte.costa@infinitysupp.com,8435496348,7467513022,2026-01-24
SUPP1314,Genesis Distribution,Genesis Distribution,Active,Active,Daniel Johnson,Seoul,daniel.johnson@genesisdistr.com,7186305785,8665090907,2026-03-03
SUPP1315,Synergy Partners,Synergy Partners,Linked,Active,Isabella Silva,Stockholm,isabella.silva@synergypartn.com,6523309218,,2024-12-18
SUPP1316,Atlas Technologies,Atlas Technologies,Pending,Active,Wei Nguyen,Bangkok,wei.nguyen@atlastechnol.com,,7431777424,2024-04-18
SUPP1317,Vanguard Group,Vanguard Group,Active,Active,Thomas Singh,Madrid,thomas.singh@vanguardgrou.com,,8625078818,2025-09-20
SUPP1318,Global Industries,Global Industries,Pending,Active,Pierre Silva,London,pierre.silva@globalindust.com,,7520612648,2025-03-25
SUPP1319,Nexus Manufacturing,Nexus Manufacturing,Pending,Active,Omar Garcia,Chicago,omar.garcia@nexusmanufac.com,,,2024-07-18
SUPP1320,Clarity Services,Clarity Services,Pending,Active,Priya Bernard,New York,priya.bernard@clarityservi.com,7173038993,8796578257,2025-11-29
SUPP1321,Frontier Group,Frontier Group,Active,Active,Priya Park,New York,priya.park@frontiergrou.com,,,2025-06-04
SUPP1322,Quantum Logistics,Quantum Logistics,Linked,Active,Carlos Miller,Atlanta,carlos.miller@quantumlogis.com,7266337548,9448892268,2025-05-26
SUPP1323,Vanguard Supply Co,Vanguard Supply,Active,Active,Mark Patel,Dubai,mark.patel@vanguardsupp.com,7116631624,7590386900,2025-03-11
SUPP1324,Jade Trading,Jade Trading,Active,Active,Michael Miller,Amsterdam,michael.miller@jadetrading.com,7831099803,7639288523,2025-08-15
SUPP1325,Atlas Supply Co,Atlas Supply,Pending,Active,Daniel Kim,Seattle,daniel.kim@atlassupplyc.com,,8807923810,2024-04-22
SUPP1326,Synergy Enterprises,Synergy Enterprises,Active,Active,Priya Rossi,Milan,priya.rossi@synergyenter.com,7691533052,,2024-06-16
SUPP1327,Delta Logistics,Delta Logistics,Active,Active,Hans Nguyen,Madrid,hans.nguyen@deltalogisti.com,,9296460725,2024-09-21
SUPP1328,Ember Partners,Ember Partners,Linked,Active,Omar Johnson,Zurich,omar.johnson@emberpartner.com,7547290781,,2024-04-25
SUPP1329,Summit International,Summit International,Active,Active,Isabella Rossi,Sydney,isabella.rossi@summitintern.com,7618753474,,2026-02-08
SUPP1330,Atlas Group,Atlas Group,Pending,Active,Daniel Kim,Shanghai,daniel.kim@atlasgroup.com,9340765110,9672153616,2026-02-12
SUPP1331,Clarity Supply Co,Clarity Supply,Linked,Active,Ahmed Wang,Madrid,ahmed.wang@claritysuppl.com,9878366768,8232519977,2024-12-28
SUPP1332,Horizon Holdings,Horizon Holdings,Invited,Active,Carlos Rodriguez,Singapore,carlos.rodriguez@horizonholdi.com,7824745151,9748875859,2026-02-23
SUPP1333,Meridian Systems,Meridian Systems,Invited,Active,David Anderson,Jakarta,david.anderson@meridiansyst.com,,9443212441,2025-09-06
SUPP1334,Frontier Supply Co,Frontier Supply,Linked,Active,Sarah Martinez,Johannesburg,sarah.martinez@frontiersupp.com,,9494609410,2025-01-31
SUPP1335,Global Holdings,Global Holdings,Pending,Active,Emma Costa,Madrid,emma.costa@globalholdin.com,8503737065,9306167281,2026-02-19
SUPP1336,Catalyst Distribution,Catalyst Distribution,Active,Active,Raj Wang,Mumbai,raj.wang@catalystdist.com,9464202198,8804873836,2025-05-24
SUPP1337,Frontier Services,Frontier Services,Active,Active,Daniel Dubois,Riyadh,daniel.dubois@frontierserv.com,7360363208,,2025-11-11
SUPP1338,Vanguard International,Vanguard International,Active,Active,Olivia Smith,Dallas,olivia.smith@vanguardinte.com,8199114188,9950769436,2026-02-10
SUPP1339,Prestige Services,Prestige Services,Pending,Active,Priya Smith,Paris,priya.smith@prestigeserv.com,6232787321,6483119549,2025-10-26
SUPP1340,Synergy Supply Co,Synergy Supply,Active,Active,Thomas Sato,Zurich,thomas.sato@synergysuppl.com,8128921633,8304784867,2025-03-08
SUPP1341,Elevate Holdings,Elevate Holdings,Linked,Active,Lucia Singh,Nairobi,lucia.singh@elevateholdi.com,,9826056332,2024-12-04
SUPP1342,Infinity Enterprises,Infinity Enterprises,Active,Active,Isabella Mueller,Casablanca,isabella.mueller@infinityente.com,,7655310475,2025-07-11
SUPP1343,Genesis Trading,Genesis Trading,Active,Active,Lin Miller,Lagos,lin.miller@genesistradi.com,6403302901,8634529927,2025-03-20
SUPP1344,Beacon Enterprises,Beacon Enterprises,Invited,Active,David Hassan,San Francisco,david.hassan@beaconenterp.com,8974305439,8112058494,2025-03-31
SUPP1345,Pioneer Partners,Pioneer Partners,Active,Active,Marie Weber,Berlin,marie.weber@pioneerpartn.com,,7404180268,2024-08-12
SUPP1346,Sterling Partners,Sterling Partners,Pending,Active,Fatima Rossi,Tokyo,fatima.rossi@sterlingpart.com,,8589917070,2025-06-08
SUPP1347,Synergy Holdings,Synergy Holdings,Active,Active,Emma Anderson,Lagos,emma.anderson@synergyholdi.com,7788543866,,2026-02-10
SUPP1348,Clarity Systems,Clarity Systems,Active,Active,Emma Park,Milan,emma.park@claritysyste.com,7195242797,,2026-03-20
SUPP1349,Sterling Enterprises,Sterling Enterprises,Active,Active,Lucia Miller,Dallas,lucia.miller@sterlingente.com,,9254998795,2025-02-04
SUPP1350,Sterling Partners,Sterling Partners,Pending,Active,Yuki Costa,New York,yuki.costa@sterlingpart.com,7317017109,,2026-03-09
SUPP1351,Pioneer Services,Pioneer Services,Pending,Active,Priya Wang,Dubai,priya.wang@pioneerservi.com,9394617875,,2024-04-15
SUPP1352,Prime Manufacturing,Prime Manufacturing,Linked,Active,Carlos Weber,Stockholm,carlos.weber@primemanufac.com,,,2025-01-19
SUPP1353,Summit International,Summit International,Active,Active,David Garcia,Shanghai,david.garcia@summitintern.com,,8302672333,2025-12-27
SUPP1354,Helix Logistics,Helix Logistics,Active,Active,Olivia Silva,Tokyo,olivia.silva@helixlogisti.com,,,2024-12-15
SUPP1355,Keystone International,Keystone International,Linked,Active,Ahmed Miller,Paris,ahmed.miller@keystoneinte.com,6434378901,7119876627,2024-10-21
SUPP1356,Atlas Holdings,Atlas Holdings,Active,Active,David Wang,Chicago,david.wang@atlasholding.com,8435785281,7273351209,2025-10-27
SUPP1357,Sterling Technologies,Sterling Technologies,Active,Active,Emma Kumar,Seoul,emma.kumar@sterlingtech.com,7246587159,,2026-03-30
SUPP1358,Vertex Consulting,Vertex Consulting,Linked,Active,Daniel Kumar,Istanbul,daniel.kumar@vertexconsul.com,7688142240,,2024-07-09
SUPP1359,Horizon Enterprises,Horizon Enterprises,Active,Active,Carlos Miller,Zurich,carlos.miller@horizonenter.com,8533126406,,2024-05-19
SUPP1360,Meridian Consulting,Meridian Consulting,Linked,Active,Hans Martinez,Mumbai,hans.martinez@meridiancons.com,,6405417113,2025-02-06
SUPP1361,Frontier Distribution,Frontier Distribution,Active,Active,Luca Anderson,Tokyo,luca.anderson@frontierdist.com,7496000575,7663263586,2026-01-04
SUPP1362,Helix Systems,Helix Systems,Active,Active,Priya Williams,Milan,priya.williams@helixsystems.com,7692777293,,2025-10-12
SUPP1363,Catalyst Manufacturing,Catalyst Manufacturing,Active,Active,Omar Costa,Seoul,omar.costa@catalystmanu.com,8420416418,,2024-06-04
SUPP1364,Infinity Technologies,Infinity Technologies,Pending,Active,David Wang,San Francisco,david.wang@infinitytech.com,8934477644,,2025-05-31
SUPP1365,Summit Manufacturing,Summit Manufacturing,Linked,Active,Omar Silva,Bangkok,omar.silva@summitmanufa.com,8950321609,,2025-11-30
SUPP1366,Frontier Solutions,Frontier Solutions,Linked,Active,Thomas Rodriguez,Sydney,thomas.rodriguez@frontiersolu.com,6446169580,9258663082,2025-01-25
SUPP1367,Global Systems,Global Systems,Active,Active,Sofia Rossi,Berlin,sofia.rossi@globalsystem.com,9856504139,7514203321,2024-08-19
SUPP1368,Meridian Systems,Meridian Systems,Pending,Active,James Brown,Johannesburg,james.brown@meridiansyst.com,,8985827552,2025-10-10
SUPP1369,Atlas Holdings,Atlas Holdings,Linked,Active,Omar Mueller,Toronto,omar.mueller@atlasholding.com,9997219470,6919347174,2024-10-22
SUPP1370,Apex Supply Co,Apex Supply,Active,Active,Pierre Hernandez,Bangkok,pierre.hernandez@apexsupplyco.com,8682153031,,2025-01-27
SUPP1371,Keystone Supply Co,Keystone Supply,Pending,Active,Daniel Martinez,Madrid,daniel.martinez@keystonesupp.com,,8494764536,2025-02-26
SUPP1372,Summit Enterprises,Summit Enterprises,Invited,Active,James Hassan,Stockholm,james.hassan@summitenterp.com,,7874335227,2024-04-09
SUPP1373,Catalyst Logistics,Catalyst Logistics,Invited,Active,Carlos Martinez,London,carlos.martinez@catalystlogi.com,9411904314,6884824832,2026-01-27
SUPP1374,Apex International,Apex International,Linked,Active,Robert Dubois,Bangkok,robert.dubois@apexinternat.com,7263850608,9516472344,2025-11-21
SUPP1375,Genesis Holdings,Genesis Holdings,Active,Active,Emma Rodriguez,San Francisco,emma.rodriguez@genesisholdi.com,,8327007277,2024-08-23
SUPP1376,Quantum Manufacturing,Quantum Manufacturing,Invited,Active,Anna Patel,Madrid,anna.patel@quantummanuf.com,,6746330541,2025-11-08
SUPP1377,Delta Consulting,Delta Consulting,Active,Active,James Miller,Riyadh,james.miller@deltaconsult.com,9501146198,,2024-11-25
SUPP1378,Pioneer Distribution,Pioneer Distribution,Linked,Active,Robert Bernard,Milan,robert.bernard@pioneerdistr.com,7190872939,8529223746,2025-09-21
SUPP1379,Keystone Partners,Keystone Partners,Pending,Active,Olivia Williams,Jakarta,olivia.williams@keystonepart.com,9590623332,8294336445,2026-01-26
SUPP1380,Infinity Manufacturing,Infinity Manufacturing,Invited,Active,Michael Zhang,Cairo,michael.zhang@infinitymanu.com,,9876261317,2024-11-23
SUPP1381,Frontier Technologies,Frontier Technologies,Active,Active,Arjun Rossi,Dallas,arjun.rossi@frontiertech.com,9566835723,6501008227,2024-11-11
SUPP1382,Frontier Services,Frontier Services,Linked,Active,Elena Anderson,Amsterdam,elena.anderson@frontierserv.com,7407715797,,2025-06-09
SUPP1383,Pioneer Holdings,Pioneer Holdings,Active,Active,Yuki Wang,Berlin,yuki.wang@pioneerholdi.com,7864332643,7897009672,2026-01-14
SUPP1384,Summit Industries,Summit Industries,Invited,Active,Ahmed Schmidt,Chicago,ahmed.schmidt@summitindust.com,6564637971,9124628644,2024-07-04
SUPP1385,Sterling Group,Sterling Group,Active,Active,Yuki Johnson,Berlin,yuki.johnson@sterlinggrou.com,7401604543,8882174752,2025-05-28
SUPP1386,Beacon Solutions,Beacon Solutions,Invited,Active,Raj Williams,Johannesburg,raj.williams@beaconsoluti.com,8218281204,9297013552,2024-08-17
SUPP1387,Clarity Group,Clarity Group,Linked,Active,Yuki Williams,Zurich,yuki.williams@claritygroup.com,9315902405,7520164492,2025-12-15
SUPP1388,Nexus Solutions,Nexus Solutions,Invited,Active,James Miller,Sydney,james.miller@nexussolutio.com,8703749258,6433827394,2024-07-14
SUPP1389,Helix Logistics,Helix Logistics,Invited,Active,Robert Kim,Dubai,robert.kim@helixlogisti.com,,,2025-04-27
SUPP1390,Quantum Technologies,Quantum Technologies,Active,Active,Wei Miller,Riyadh,wei.miller@quantumtechn.com,6663186483,8761070351,2024-12-29
SUPP1391,Sterling Manufacturing,Sterling Manufacturing,Linked,Active,Sofia Hassan,Shanghai,sofia.hassan@sterlingmanu.com,6629815208,,2025-04-26
SUPP1392,Pinnacle Enterprises,Pinnacle Enterprises,Active,Active,Anna Weber,Nairobi,anna.weber@pinnacleente.com,,7254874561,2025-11-05
SUPP1393,Apex International,Apex International,Pending,Active,Elena Mueller,San Francisco,elena.mueller@apexinternat.com,,,2026-03-24
SUPP1394,Vertex Enterprises,Vertex Enterprises,Active,Active,Anna Rodriguez,Singapore,anna.rodriguez@vertexenterp.com,,8576852249,2024-07-05
SUPP1395,Fusion Enterprises,Fusion Enterprises,Active,Active,Raj Rossi,Seoul,raj.rossi@fusionenterp.com,,8659242304,2025-05-04
SUPP1396,Atlas Distribution,Atlas Distribution,Linked,Active,Daniel Anderson,Berlin,daniel.anderson@atlasdistrib.com,9356667310,9475637557,2026-01-18
SUPP1397,Nexus Group,Nexus Group,Pending,Active,Fatima Brown,Zurich,fatima.brown@nexusgroup.com,9195836926,8299571709,2026-02-03
SUPP1398,Vertex Trading,Vertex Trading,Active,Active,Robert Weber,Nairobi,robert.weber@vertextradin.com,8181187040,6437814307,2025-03-29
SUPP1399,Delta Supply Co,Delta Supply,Linked,Active,Anna Kim,Chicago,anna.kim@deltasupplyc.com,,8714134072,2025-03-26
SUPP1400,Clarity Enterprises,Clarity Enterprises,Linked,Active,Elena Zhang,Singapore,elena.zhang@clarityenter.com,8991394347,9101448461,2024-12-30
SUPP1401,Catalyst Group,Catalyst Group,Active,Active,Carlos Hassan,San Francisco,carlos.hassan@catalystgrou.com,7492639705,6465068705,2025-03-18
SUPP1402,Frontier Enterprises,Frontier Enterprises,Invited,Active,Luca Smith,Istanbul,luca.smith@frontierente.com,9436109109,,2025-04-28
SUPP1403,Atlas Consulting,Atlas Consulting,Active,Active,Carlos Mueller,Boston,carlos.mueller@atlasconsult.com,,,2025-06-07
SUPP1404,Quantum Manufacturing,Quantum Manufacturing,Active,Active,Olivia Sato,Seattle,olivia.sato@quantummanuf.com,,,2024-07-06
SUPP1405,Clarity Consulting,Clarity Consulting,Linked,Active,Yuki Rossi,Amsterdam,yuki.rossi@clarityconsu.com,7434927898,6787684782,2026-03-10
SUPP1406,Horizon Manufacturing,Horizon Manufacturing,Linked,Active,Thomas Brown,Seattle,thomas.brown@horizonmanuf.com,9651263772,8216161365,2024-10-30
SUPP1407,Sterling Systems,Sterling Systems,Active,Active,Ahmed Nguyen,Jakarta,ahmed.nguyen@sterlingsyst.com,6774691291,7396988431,2024-06-28
SUPP1408,Helix Enterprises,Helix Enterprises,Invited,Active,Michael Hernandez,Istanbul,michael.hernandez@helixenterpr.com,9265490607,7586756108,2024-10-15
SUPP1409,Vertex Consulting,Vertex Consulting,Active,Active,Sarah Garcia,Bangkok,sarah.garcia@vertexconsul.com,,,2025-09-21
SUPP1410,Infinity Supply Co,Infinity Supply,Pending,Active,Isabella Park,Milan,isabella.park@infinitysupp.com,,7720703738,2025-05-04
SUPP1411,Pinnacle Technologies,Pinnacle Technologies,Linked,Active,Mark Sato,Cairo,mark.sato@pinnacletech.com,6178158603,8284824663,2025-06-19
SUPP1412,Catalyst Manufacturing,Catalyst Manufacturing,Active,Active,Lucia Hassan,Istanbul,lucia.hassan@catalystmanu.com,,9919873697,2024-10-05
SUPP1413,Vanguard International,Vanguard International,Active,Active,Fatima Smith,Johannesburg,fatima.smith@vanguardinte.com,6268308060,8176027825,2025-08-26
SUPP1414,Global Systems,Global Systems,Active,Active,Lucia Tanaka,San Francisco,lucia.tanaka@globalsystem.com,8812787187,8170932752,2024-12-17
SUPP1415,Sterling Partners,Sterling Partners,Linked,Active,Hans Schmidt,Seattle,hans.schmidt@sterlingpart.com,,,2025-08-02
SUPP1416,Jade Logistics,Jade Logistics,Active,Active,Wei Costa,Amsterdam,wei.costa@jadelogistic.com,8873628425,7836959655,2025-01-18
SUPP1417,Elevate Trading,Elevate Trading,Active,Active,Lin Martinez,Istanbul,lin.martinez@elevatetradi.com,8306415454,,2024-06-17
SUPP1418,Vanguard Distribution,Vanguard Distribution,Linked,Active,Robert Tanaka,New York,robert.tanaka@vanguarddist.com,7263883112,7436216806,2026-02-04
SUPP1419,Prestige Consulting,Prestige Consulting,Active,Active,Priya Rossi,Chicago,priya.rossi@prestigecons.com,,6995064328,2026-03-19
SUPP1420,Helix Logistics,Helix Logistics,Active,Active,Sofia Tanaka,Bangkok,sofia.tanaka@helixlogisti.com,6448830258,,2025-05-19
SUPP1421,Catalyst Solutions,Catalyst Solutions,Active,Active,Arjun Weber,Milan,arjun.weber@catalystsolu.com,9961739564,,2024-05-01
SUPP1422,Apex Manufacturing,Apex Manufacturing,Invited,Active,Sarah Schmidt,Istanbul,sarah.schmidt@apexmanufact.com,6342363832,,2025-10-11
SUPP1423,Clarity Enterprises,Clarity Enterprises,Active,Active,Isabella Hernandez,Cairo,isabella.hernandez@clarityenter.com,,6814515824,2026-01-15
SUPP1424,Catalyst Distribution,Catalyst Distribution,Active,Active,Robert Bernard,Atlanta,robert.bernard@catalystdist.com,7385758983,,2025-06-07
SUPP1425,Pioneer Consulting,Pioneer Consulting,Linked,Active,Sofia Mueller,Sydney,sofia.mueller@pioneerconsu.com,6884980657,,2025-06-21
SUPP1426,Keystone Services,Keystone Services,Linked,Active,Wei Silva,Amsterdam,wei.silva@keystoneserv.com,,7476078629,2024-12-29
SUPP1427,Apex Distribution,Apex Distribution,Active,Active,Marie Wang,San Francisco,marie.wang@apexdistribu.com,,7336681545,2026-01-30
SUPP1428,Meridian Partners,Meridian Partners,Active,Active,Elena Brown,London,elena.brown@meridianpart.com,8670938662,8584003748,2025-02-23
SUPP1429,Sterling Manufacturing,Sterling Manufacturing,Pending,Active,Carlos Martinez,Madrid,carlos.martinez@sterlingmanu.com,8405522066,,2024-07-17
SUPP1430,Elevate Group,Elevate Group,Active,Active,Fatima Kim,Dallas,fatima.kim@elevategroup.com,8207685973,7261387238,2025-06-09
SUPP1431,Ember International,Ember International,Active,Active,Raj Garcia,Singapore,raj.garcia@emberinterna.com,7874198750,,2025-10-18
SUPP1432,Infinity Solutions,Infinity Solutions,Active,Active,Hans Wang,Lagos,hans.wang@infinitysolu.com,8155900191,6569669693,2024-07-15
SUPP1433,Infinity Industries,Infinity Industries,Active,Active,Raj Costa,Dubai,raj.costa@infinityindu.com,9362165900,9347514860,2026-01-16
SUPP1434,Pioneer Distribution,Pioneer Distribution,Invited,Active,Olivia Martinez,Boston,olivia.martinez@pioneerdistr.com,6208875760,6610107036,2025-11-28
SUPP1435,Global International,Global International,Active,Active,Marie Ali,Milan,marie.ali@globalintern.com,7239111338,,2025-04-26
SUPP1436,Pinnacle Industries,Pinnacle Industries,Invited,Active,Arjun Dubois,Singapore,arjun.dubois@pinnacleindu.com,9348558944,,2025-04-04
SUPP1437,Global Supply Co,Global Supply,Active,Active,Ahmed Hassan,Chicago,ahmed.hassan@globalsupply.com,9295412542,9624856858,2024-05-12
SUPP1438,Delta Trading,Delta Trading,Active,Active,Sofia Miller,Tokyo,sofia.miller@deltatrading.com,7338487057,,2025-10-04
SUPP1439,Vertex Holdings,Vertex Holdings,Active,Active,Robert Kim,Casablanca,robert.kim@vertexholdin.com,8808921527,,2024-04-11
SUPP1440,Summit Supply Co,Summit Supply,Pending,Active,Isabella Rodriguez,Riyadh,isabella.rodriguez@summitsupply.com,8757396384,8234934992,2025-10-26
SUPP1441,Infinity Distribution,Infinity Distribution,Linked,Active,Omar Sato,Tokyo,omar.sato@infinitydist.com,7376904340,6410481943,2024-07-11
SUPP1442,Apex Manufacturing,Apex Manufacturing,Linked,Active,Charlotte Costa,Paris,charlotte.costa@apexmanufact.com,7125457010,6397074145,2024-07-15
SUPP1443,Synergy Industries,Synergy Industries,Pending,Active,Pierre Costa,Boston,pierre.costa@synergyindus.com,9768065497,,2024-05-24
SUPP1444,Frontier Trading,Frontier Trading,Active,Active,Michael Wang,Boston,michael.wang@frontiertrad.com,6450700431,7828222860,2025-11-03
SUPP1445,Prime Distribution,Prime Distribution,Invited,Active,Fatima Sato,Jakarta,fatima.sato@primedistrib.com,6926148362,,2024-07-21
SUPP1446,Pinnacle Consulting,Pinnacle Consulting,Pending,Active,Mark Costa,Mumbai,mark.costa@pinnaclecons.com,,,2026-01-22
SUPP1447,Jade Distribution,Jade Distribution,Pending,Active,Sarah Zhang,Amsterdam,sarah.zhang@jadedistribu.com,7409919773,8892349162,2025-10-01
SUPP1448,Prime Consulting,Prime Consulting,Active,Active,David Brown,Atlanta,david.brown@primeconsult.com,9375831103,,2025-06-06
SUPP1449,Quantum International,Quantum International,Linked,Active,Daniel Hernandez,San Francisco,daniel.hernandez@quantuminter.com,,,2025-07-10
SUPP1450,Beacon Services,Beacon Services,Active,Active,Fatima Schmidt,Tokyo,fatima.schmidt@beaconservic.com,7546058607,,2025-02-08
SUPP1451,Prime Solutions,Prime Solutions,Pending,Active,Yuki Dubois,Stockholm,yuki.dubois@primesolutio.com,6585943428,,2024-07-08
SUPP1452,Vanguard International,Vanguard International,Active,Active,Mark Kim,New York,mark.kim@vanguardinte.com,9811707673,8945156517,2025-04-11
SUPP1453,Delta Industries,Delta Industries,Invited,Active,Fatima Mueller,Sydney,fatima.mueller@deltaindustr.com,9139390330,,2025-12-02
SUPP1454,Quantum Manufacturing,Quantum Manufacturing,Linked,Active,Priya Miller,Nairobi,priya.miller@quantummanuf.com,9882086632,,2024-05-26
SUPP1455,Sterling Solutions,Sterling Solutions,Pending,Active,Omar Rossi,Bangkok,omar.rossi@sterlingsolu.com,8329035962,7793163588,2024-11-17
SUPP1456,Sterling Holdings,Sterling Holdings,Active,Active,Carlos Park,Paris,carlos.park@sterlinghold.com,8715979777,8119146746,2024-08-19
SUPP1457,Elevate Supply Co,Elevate Supply,Linked,Active,Lin Patel,Jakarta,lin.patel@elevatesuppl.com,7468699077,8344322224,2026-02-26
SUPP1458,Atlas Trading,Atlas Trading,Linked,Active,David Ali,Dubai,david.ali@atlastrading.com,9540056189,8785208095,2024-05-25
SUPP1459,Apex Consulting,Apex Consulting,Invited,Active,Carlos Mueller,Seoul,carlos.mueller@apexconsulti.com,7775958574,9896310119,2024-06-05
SUPP1460,Ember Partners,Ember Partners,Pending,Active,Priya Tanaka,San Francisco,priya.tanaka@emberpartner.com,,7863196348,2026-03-12
SUPP1461,Pinnacle Partners,Pinnacle Partners,Linked,Active,Mark Mueller,Madrid,mark.mueller@pinnaclepart.com,7407171934,,2025-10-12
SUPP1462,Vertex Systems,Vertex Systems,Linked,Active,Isabella Schmidt,Shanghai,isabella.schmidt@vertexsystem.com,8958793274,9560865556,2025-01-16
SUPP1463,Summit Solutions,Summit Solutions,Active,Active,Sarah Bernard,Shanghai,sarah.bernard@summitsoluti.com,9348939163,9619199422,2024-06-14
SUPP1464,Prime Technologies,Prime Technologies,Active,Active,Thomas Smith,Jakarta,thomas.smith@primetechnol.com,,9904014534,2025-02-18
SUPP1465,Genesis Partners,Genesis Partners,Linked,Active,Lucia Mueller,Shanghai,lucia.mueller@genesispartn.com,8783375716,9254293793,2024-12-18
SUPP1466,Pioneer Services,Pioneer Services,Active,Active,Charlotte Dubois,Bangkok,charlotte.dubois@pioneerservi.com,9485263382,6470408385,2025-03-26
SUPP1467,Atlas Solutions,Atlas Solutions,Linked,Active,James Garcia,Tokyo,james.garcia@atlassolutio.com,9527997174,8216576647,2025-10-23
SUPP1468,Frontier Distribution,Frontier Distribution,Linked,Active,Carlos Sato,Shanghai,carlos.sato@frontierdist.com,7799523573,6438465503,2025-05-01
SUPP1469,Ember Distribution,Ember Distribution,Active,Active,Priya Costa,Riyadh,priya.costa@emberdistrib.com,6241436307,7159126789,2025-10-09
SUPP1470,Summit International,Summit International,Active,Active,Yuki Brown,Dallas,yuki.brown@summitintern.com,,8471779098,2026-03-09
SUPP1471,Elevate Supply Co,Elevate Supply,Linked,Active,Lin Anderson,Seoul,lin.anderson@elevatesuppl.com,,9873637115,2024-10-07
SUPP1472,Elevate International,Elevate International,Active,Active,James Williams,London,james.williams@elevateinter.com,9584006507,9338778616,2024-10-14
SUPP1473,Elevate Supply Co,Elevate Supply,Active,Active,Michael Smith,London,michael.smith@elevatesuppl.com,,6349358280,2024-12-01
SUPP1474,Clarity Enterprises,Clarity Enterprises,Linked,Active,Marie Rodriguez,Istanbul,marie.rodriguez@clarityenter.com,9356572898,,2025-08-22
SUPP1475,Elevate Enterprises,Elevate Enterprises,Active,Active,Lin Sato,Berlin,lin.sato@elevateenter.com,6657947828,,2026-02-27
SUPP1476,Beacon Industries,Beacon Industries,Active,Active,Hans Patel,Dallas,hans.patel@beaconindust.com,9246089658,9820481466,2025-07-23
SUPP1477,Fusion Distribution,Fusion Distribution,Linked,Active,Arjun Williams,Tokyo,arjun.williams@fusiondistri.com,8871655260,7171599209,2025-07-17
SUPP1478,Vanguard Supply Co,Vanguard Supply,Active,Active,Charlotte Wang,Nairobi,charlotte.wang@vanguardsupp.com,9369798727,9869994798,2025-02-15
SUPP1479,Frontier International,Frontier International,Active,Active,Daniel Mueller,Milan,daniel.mueller@frontierinte.com,9349604938,9320258811,2025-11-22
SUPP1480,Summit Consulting,Summit Consulting,Invited,Active,David Smith,Casablanca,david.smith@summitconsul.com,7326956992,7835423920,2024-04-29
SUPP1481,Helix Partners,Helix Partners,Pending,Active,Daniel Nguyen,San Francisco,daniel.nguyen@helixpartner.com,,9196004635,2025-03-07
SUPP1482,Prestige Manufacturing,Prestige Manufacturing,Active,Active,Priya Silva,Johannesburg,priya.silva@prestigemanu.com,7751217492,,2025-09-13
SUPP1483,Genesis Enterprises,Genesis Enterprises,Linked,Active,Elena Weber,Mumbai,elena.weber@genesisenter.com,,,2025-06-07
SUPP1484,Fusion Solutions,Fusion Solutions,Active,Active,Priya Martinez,Tokyo,priya.martinez@fusionsoluti.com,8649902551,6590075936,2025-07-22
SUPP1485,Keystone Consulting,Keystone Consulting,Active,Active,Ahmed Schmidt,Tokyo,ahmed.schmidt@keystonecons.com,,6152546809,2025-12-09
SUPP1486,Catalyst Services,Catalyst Services,Linked,Active,Isabella Singh,Dallas,isabella.singh@catalystserv.com,8438290988,9811717293,2025-03-07
SUPP1487,Pinnacle Technologies,Pinnacle Technologies,Active,Active,Omar Hassan,Toronto,omar.hassan@pinnacletech.com,6168442026,,2025-12-27
SUPP1488,Global Enterprises,Global Enterprises,Linked,Active,David Williams,Riyadh,david.williams@globalenterp.com,,7412643040,2025-10-21
SUPP1489,Prestige Group,Prestige Group,Invited,Active,David Johnson,Atlanta,david.johnson@prestigegrou.com,9344482711,9727109703,2025-03-04
SUPP1490,Quantum Distribution,Quantum Distribution,Linked,Active,Carlos Tanaka,Boston,carlos.tanaka@quantumdistr.com,,,2025-09-30
SUPP1491,Meridian Consulting,Meridian Consulting,Linked,Active,Wei Kim,Tokyo,wei.kim@meridiancons.com,8330007663,6858518698,2024-08-06
SUPP1492,Fusion Holdings,Fusion Holdings,Pending,Active,Hans Weber,Dubai,hans.weber@fusionholdin.com,7197272736,9606409358,2024-05-27
SUPP1493,Horizon Consulting,Horizon Consulting,Active,Active,Isabella Rossi,Seattle,isabella.rossi@horizonconsu.com,,,2025-03-24
SUPP1494,Helix Systems,Helix Systems,Linked,Active,Sofia Williams,Milan,sofia.williams@helixsystems.com,7683824831,,2025-08-07
SUPP1495,Vertex Holdings,Vertex Holdings,Invited,Active,Michael Patel,Casablanca,michael.patel@vertexholdin.com,,,2024-06-04
SUPP1496,Pioneer Distribution,Pioneer Distribution,Active,Active,Elena Smith,Atlanta,elena.smith@pioneerdistr.com,6512861936,,2025-04-28
SUPP1497,Delta Industries,Delta Industries,Active,Active,Wei Miller,Nairobi,wei.miller@deltaindustr.com,6209038355,,2025-02-04
SUPP1498,Frontier Services,Frontier Services,Active,Active,Yuki Smith,Bangkok,yuki.smith@frontierserv.com,,,2024-10-25
SUPP1499,Pinnacle Trading,Pinnacle Trading,Linked,Active,Raj Singh,Madrid,raj.singh@pinnacletrad.com,9755961551,6911754851,2024-10-18
SUPP1500,Meridian Services,Meridian Services,Active,Active,Yuki Brown,Casablanca,yuki.brown@meridianserv.com,9720958389,7568645093,2025-09-19
SUPP1501,Horizon Holdings,Horizon Holdings,Active,Active,Thomas Williams,New York,thomas.williams@horizonholdi.com,8536977291,7255853104,2025-07-24
SUPP1502,Delta Trading,Delta Trading,Invited,Active,Omar Tanaka,Zurich,omar.tanaka@deltatrading.com,7458848195,,2024-10-20
SUPP1503,Jade Consulting,Jade Consulting,Active,Active,Wei Hassan,New York,wei.hassan@jadeconsulti.com,,,2025-10-21
SUPP1504,Nexus Holdings,Nexus Holdings,Pending,Active,Daniel Brown,Riyadh,daniel.brown@nexusholding.com,8115715833,9363288994,2024-05-27
SUPP1505,Apex Solutions,Apex Solutions,Pending,Active,Anna Tanaka,Shanghai,anna.tanaka@apexsolution.com,8196191857,7136681010,2024-07-03
SUPP1506,Prestige Logistics,Prestige Logistics,Active,Active,Carlos Tanaka,Istanbul,carlos.tanaka@prestigelogi.com,6517598235,7439167823,2024-07-11
SUPP1507,Helix Industries,Helix Industries,Linked,Active,Hans Garcia,Paris,hans.garcia@helixindustr.com,,7660184275,2026-03-25
SUPP1508,Prestige Consulting,Prestige Consulting,Linked,Active,Anna Patel,Jakarta,anna.patel@prestigecons.com,,8162798395,2025-08-04
SUPP1509,Clarity Supply Co,Clarity Supply,Active,Active,Yuki Hassan,New York,yuki.hassan@claritysuppl.com,7449076827,7846434330,2025-12-18
SUPP1510,Delta Logistics,Delta Logistics,Invited,Active,Olivia Anderson,Johannesburg,olivia.anderson@deltalogisti.com,,8174308698,2024-12-11
SUPP1511,Quantum Distribution,Quantum Distribution,Active,Active,Lucia Mueller,Milan,lucia.mueller@quantumdistr.com,6586161870,,2026-02-11
SUPP1512,Prestige International,Prestige International,Invited,Active,Michael Singh,Nairobi,michael.singh@prestigeinte.com,7435142649,7904976050,2024-06-12
SUPP1513,Elevate Distribution,Elevate Distribution,Linked,Active,David Zhang,Lagos,david.zhang@elevatedistr.com,,,2025-10-04
SUPP1514,Sterling Consulting,Sterling Consulting,Active,Active,Sarah Schmidt,Cairo,sarah.schmidt@sterlingcons.com,9581334901,,2025-03-27
SUPP1515,Delta Consulting,Delta Consulting,Pending,Active,Sofia Hassan,Atlanta,sofia.hassan@deltaconsult.com,,7994126443,2024-06-10
SUPP1516,Ember International,Ember International,Linked,Active,Pierre Singh,Boston,pierre.singh@emberinterna.com,,,2026-03-31
SUPP1517,Infinity Systems,Infinity Systems,Linked,Active,Elena Singh,Nairobi,elena.singh@infinitysyst.com,6802904486,,2025-04-12
SUPP1518,Apex Industries,Apex Industries,Pending,Active,Raj Sato,Johannesburg,raj.sato@apexindustri.com,,8833421244,2024-08-21
SUPP1519,Jade Holdings,Jade Holdings,Pending,Active,Emma Zhang,Amsterdam,emma.zhang@jadeholdings.com,8566143305,9426656808,2025-07-17
SUPP1520,Pioneer Logistics,Pioneer Logistics,Linked,Active,Carlos Silva,Toronto,carlos.silva@pioneerlogis.com,6494236657,,2025-06-02
SUPP1521,Catalyst Services,Catalyst Services,Invited,Active,Isabella Rossi,New York,isabella.rossi@catalystserv.com,7922842062,7865813738,2024-07-31
SUPP1522,Elevate Trading,Elevate Trading,Active,Active,Pierre Silva,Mumbai,pierre.silva@elevatetradi.com,7316450093,,2024-12-15
SUPP1523,Horizon Technologies,Horizon Technologies,Active,Active,Marie Miller,Atlanta,marie.miller@horizontechn.com,8676238682,6326876108,2025-06-07
SUPP1524,Elevate Solutions,Elevate Solutions,Invited,Active,Arjun Weber,Mumbai,arjun.weber@elevatesolut.com,9523957518,,2026-01-09
SUPP1525,Beacon Logistics,Beacon Logistics,Active,Active,Ahmed Smith,Chicago,ahmed.smith@beaconlogist.com,7182312001,8186989306,2024-08-21
SUPP1526,Fusion Group,Fusion Group,Invited,Active,Ahmed Rodriguez,Zurich,ahmed.rodriguez@fusiongroup.com,8370405830,,2025-08-18
SUPP1527,Quantum Systems,Quantum Systems,Pending,Active,Mark Hernandez,Milan,mark.hernandez@quantumsyste.com,7672771933,9456216882,2025-12-07
SUPP1528,Clarity Services,Clarity Services,Linked,Active,Isabella Johnson,Nairobi,isabella.johnson@clarityservi.com,7214401819,,2026-01-17
SUPP1529,Helix Trading,Helix Trading,Linked,Active,Priya Silva,Shanghai,priya.silva@helixtrading.com,7417334895,,2024-06-02
SUPP1530,Synergy Logistics,Synergy Logistics,Active,Active,Omar Smith,Amsterdam,omar.smith@synergylogis.com,9817766727,9471477462,2025-05-01
SUPP1531,Sterling Group,Sterling Group,Linked,Active,Sofia Mueller,Johannesburg,sofia.mueller@sterlinggrou.com,,6974585924,2026-03-04
SUPP1532,Jade Solutions,Jade Solutions,Active,Active,Priya Miller,New York,priya.miller@jadesolution.com,7423342440,,2024-07-11
SUPP1533,Synergy Enterprises,Synergy Enterprises,Invited,Active,Olivia Dubois,Seoul,olivia.dubois@synergyenter.com,7466511649,9260836973,2024-06-15
SUPP1534,Quantum Holdings,Quantum Holdings,Linked,Active,Raj Dubois,Istanbul,raj.dubois@quantumholdi.com,8605104878,6602465270,2025-04-01
SUPP1535,Pinnacle Consulting,Pinnacle Consulting,Linked,Active,Raj Hernandez,Seoul,raj.hernandez@pinnaclecons.com,,,2026-01-04
SUPP1536,Genesis Supply Co,Genesis Supply,Linked,Active,Sarah Schmidt,Seoul,sarah.schmidt@genesissuppl.com,,,2024-07-04
SUPP1537,Atlas Enterprises,Atlas Enterprises,Active,Active,Marie Martinez,Nairobi,marie.martinez@atlasenterpr.com,8392369755,7842142658,2026-03-11
SUPP1538,Delta Supply Co,Delta Supply,Pending,Active,Lin Brown,Tokyo,lin.brown@deltasupplyc.com,8396047004,,2025-04-28
SUPP1539,Summit Technologies,Summit Technologies,Linked,Active,Priya Williams,London,priya.williams@summittechno.com,8797833389,,2026-01-29
SUPP1540,Quantum Consulting,Quantum Consulting,Pending,Active,Carlos Zhang,Shanghai,carlos.zhang@quantumconsu.com,,9307431573,2024-06-23
SUPP1541,Vanguard Industries,Vanguard Industries,Pending,Active,Sofia Nguyen,Johannesburg,sofia.nguyen@vanguardindu.com,7179842585,9550220088,2024-09-03
SUPP1542,Clarity Group,Clarity Group,Pending,Active,David Garcia,Lagos,david.garcia@claritygroup.com,7147596336,8233153022,2024-06-20
SUPP1543,Frontier Partners,Frontier Partners,Active,Active,Hans Park,Nairobi,hans.park@frontierpart.com,7754379116,,2024-06-01
SUPP1544,Elevate Industries,Elevate Industries,Linked,Active,Priya Hernandez,Casablanca,priya.hernandez@elevateindus.com,7198356531,7428973686,2026-02-13
SUPP1545,Infinity Supply Co,Infinity Supply,Active,Active,Arjun Weber,Singapore,arjun.weber@infinitysupp.com,,9177275027,2026-01-12
SUPP1546,Clarity Logistics,Clarity Logistics,Invited,Active,Anna Martinez,Jakarta,anna.martinez@claritylogis.com,,6291987067,2025-10-06
SUPP1547,Delta Industries,Delta Industries,Active,Active,Daniel Kumar,Jakarta,daniel.kumar@deltaindustr.com,7693288133,,2025-05-23
SUPP1548,Keystone Services,Keystone Services,Pending,Active,Olivia Johnson,Stockholm,olivia.johnson@keystoneserv.com,8890281776,,2024-06-23
SUPP1549,Ember Technologies,Ember Technologies,Linked,Active,Michael Mueller,Nairobi,michael.mueller@embertechnol.com,7235689777,7158785071,2025-12-28
SUPP1550,Helix Partners,Helix Partners,Active,Active,Raj Ali,Jakarta,raj.ali@helixpartner.com,7749415445,7770101479,2025-02-13
SUPP1551,Atlas Technologies,Atlas Technologies,Linked,Active,James Brown,Dubai,james.brown@atlastechnol.com,9881100906,7357799481,2025-12-09
SUPP1552,Delta Consulting,Delta Consulting,Pending,Active,Hans Garcia,Jakarta,hans.garcia@deltaconsult.com,9135273353,7281807149,2025-12-01
SUPP1553,Fusion Services,Fusion Services,Pending,Active,Lin Park,Dubai,lin.park@fusionservic.com,7143247928,8621246219,2024-09-21
SUPP1554,Quantum Holdings,Quantum Holdings,Linked,Active,James Rodriguez,Riyadh,james.rodriguez@quantumholdi.com,9351579272,8513843923,2024-09-16
SUPP1555,Fusion Industries,Fusion Industries,Pending,Active,Pierre Garcia,Singapore,pierre.garcia@fusionindust.com,,7228270138,2024-10-10
SUPP1556,Beacon Solutions,Beacon Solutions,Linked,Active,Marie Weber,Stockholm,marie.weber@beaconsoluti.com,,6940897570,2024-09-03
SUPP1557,Horizon Systems,Horizon Systems,Pending,Active,David Rossi,Dubai,david.rossi@horizonsyste.com,,7384696301,2025-12-25
SUPP1558,Apex International,Apex International,Invited,Active,Daniel Smith,Paris,daniel.smith@apexinternat.com,8912527794,,2024-07-31
SUPP1559,Clarity Supply Co,Clarity Supply,Active,Active,Hans Patel,London,hans.patel@claritysuppl.com,,8931756508,2025-07-25
SUPP1560,Fusion Distribution,Fusion Distribution,Linked,Active,Sarah Williams,Paris,sarah.williams@fusiondistri.com,9398343901,,2026-02-16
SUPP1561,Vanguard Partners,Vanguard Partners,Pending,Active,Sofia Johnson,Atlanta,sofia.johnson@vanguardpart.com,,8364248658,2025-03-09
SUPP1562,Delta Enterprises,Delta Enterprises,Active,Active,Marie Sato,Amsterdam,marie.sato@deltaenterpr.com,9501812438,,2025-07-07
SUPP1563,Pioneer Holdings,Pioneer Holdings,Linked,Active,Mark Bernard,Riyadh,mark.bernard@pioneerholdi.com,8792346430,9221079889,2024-11-14
SUPP1564,Fusion Supply Co,Fusion Supply,Linked,Active,Marie Miller,Casablanca,marie.miller@fusionsupply.com,6913930490,,2024-09-05
SUPP1565,Infinity Logistics,Infinity Logistics,Active,Active,Raj Singh,New York,raj.singh@infinitylogi.com,8266716176,9148876067,2024-08-28
SUPP1566,Vanguard Partners,Vanguard Partners,Active,Active,Ahmed Patel,Dallas,ahmed.patel@vanguardpart.com,,7132831841,2024-08-19
SUPP1567,Helix Manufacturing,Helix Manufacturing,Linked,Active,Sarah Patel,Chicago,sarah.patel@helixmanufac.com,,6346208802,2024-11-17
SUPP1568,Elevate Enterprises,Elevate Enterprises,Active,Active,Elena Patel,Casablanca,elena.patel@elevateenter.com,6512808270,,2024-11-09
SUPP1569,Summit Supply Co,Summit Supply,Active,Active,Sofia Tanaka,Johannesburg,sofia.tanaka@summitsupply.com,9364905409,,2024-05-18
SUPP1570,Pinnacle Manufacturing,Pinnacle Manufacturing,Active,Active,Emma Smith,Nairobi,emma.smith@pinnaclemanu.com,6689462637,6868118601,2025-10-05
SUPP1571,Jade Holdings,Jade Holdings,Pending,Active,David Mueller,Paris,david.mueller@jadeholdings.com,8433734465,7793368842,2025-04-09
SUPP1572,Pinnacle Supply Co,Pinnacle Supply,Active,Active,Robert Schmidt,Johannesburg,robert.schmidt@pinnaclesupp.com,9526660297,7164247279,2024-10-17
SUPP1573,Global Solutions,Global Solutions,Pending,Active,Hans Smith,Amsterdam,hans.smith@globalsoluti.com,6202289277,,2026-03-11
SUPP1574,Global Logistics,Global Logistics,Invited,Active,Olivia Smith,Chicago,olivia.smith@globallogist.com,9965134786,,2024-05-28
SUPP1575,Atlas Group,Atlas Group,Linked,Active,Ahmed Smith,San Francisco,ahmed.smith@atlasgroup.com,7800438754,6321757211,2025-04-13
SUPP1576,Genesis Systems,Genesis Systems,Invited,Active,Thomas Singh,Amsterdam,thomas.singh@genesissyste.com,8793240143,,2025-03-09
SUPP1577,Infinity Industries,Infinity Industries,Active,Active,Olivia Brown,Zurich,olivia.brown@infinityindu.com,8755636480,,2025-02-24
SUPP1578,Quantum Technologies,Quantum Technologies,Invited,Active,Emma Park,San Francisco,emma.park@quantumtechn.com,9159711209,,2025-07-17
SUPP1579,Clarity Logistics,Clarity Logistics,Active,Active,Omar Kim,Singapore,omar.kim@claritylogis.com,9133376305,,2024-07-23
SUPP1580,Clarity Distribution,Clarity Distribution,Invited,Active,Raj Tanaka,Amsterdam,raj.tanaka@claritydistr.com,7428530246,,2025-09-22
SUPP1581,Atlas Supply Co,Atlas Supply,Active,Active,Anna Rodriguez,Nairobi,anna.rodriguez@atlassupplyc.com,8191247467,9709176807,2025-03-30
SUPP1582,Quantum Supply Co,Quantum Supply,Pending,Active,Fatima Miller,Lagos,fatima.miller@quantumsuppl.com,8945989830,,2025-11-24
SUPP1583,Global Industries,Global Industries,Active,Active,Daniel Kumar,Milan,daniel.kumar@globalindust.com,9161065076,6402691590,2025-08-16
SUPP1584,Vanguard Manufacturing,Vanguard Manufacturing,Pending,Active,Yuki Park,Milan,yuki.park@vanguardmanu.com,,,2024-12-08
SUPP1585,Prime International,Prime International,Pending,Active,Thomas Williams,Toronto,thomas.williams@primeinterna.com,,6358475942,2024-10-08
SUPP1586,Beacon Technologies,Beacon Technologies,Active,Active,Pierre Anderson,Atlanta,pierre.anderson@beacontechno.com,7862776365,,2025-07-05
SUPP1587,Vertex Services,Vertex Services,Invited,Active,James Zhang,Casablanca,james.zhang@vertexservic.com,,,2025-03-02
SUPP1588,Prestige Industries,Prestige Industries,Active,Active,Wei Zhang,Cairo,wei.zhang@prestigeindu.com,8324428747,,2025-02-01
SUPP1589,Infinity Industries,Infinity Industries,Active,Active,Charlotte Brown,Johannesburg,charlotte.brown@infinityindu.com,,,2024-05-20
SUPP1590,Vertex Industries,Vertex Industries,Active,Active,Michael Kumar,Istanbul,michael.kumar@vertexindust.com,9112647518,,2026-01-02
SUPP1591,Fusion Group,Fusion Group,Pending,Active,Raj Williams,Nairobi,raj.williams@fusiongroup.com,9288598733,9488769404,2026-02-23
SUPP1592,Fusion Distribution,Fusion Distribution,Active,Active,Elena Schmidt,Cairo,elena.schmidt@fusiondistri.com,,7315101531,2024-09-07
SUPP1593,Atlas Logistics,Atlas Logistics,Linked,Active,Sofia Bernard,Istanbul,sofia.bernard@atlaslogisti.com,6239843256,6642847973,2025-07-04
SUPP1594,Elevate Technologies,Elevate Technologies,Linked,Active,Wei Kim,Nairobi,wei.kim@elevatetechn.com,7247164256,8559386744,2024-07-10
SUPP1595,Atlas Services,Atlas Services,Active,Active,Lin Weber,Istanbul,lin.weber@atlasservice.com,6755595812,,2026-03-31
SUPP1596,Vertex Manufacturing,Vertex Manufacturing,Active,Active,Marie Smith,Berlin,marie.smith@vertexmanufa.com,8175029969,,2024-05-07
SUPP1597,Apex Supply Co,Apex Supply,Pending,Active,Yuki Hassan,Johannesburg,yuki.hassan@apexsupplyco.com,,7607517470,2026-03-14
SUPP1598,Synergy Partners,Synergy Partners,Active,Active,Wei Garcia,Boston,wei.garcia@synergypartn.com,6313686997,,2025-09-09
SUPP1599,Pinnacle Services,Pinnacle Services,Linked,Active,Arjun Johnson,New York,arjun.johnson@pinnacleserv.com,9801998603,9279601651,2025-04-12
SUPP1600,Helix Consulting,Helix Consulting,Active,Active,Sofia Zhang,Chicago,sofia.zhang@helixconsult.com,7228486770,,2025-02-24
SUPP1601,Synergy Systems,Synergy Systems,Invited,Active,Michael Miller,Shanghai,michael.miller@synergysyste.com,6413006562,,2024-08-23
SUPP1602,Synergy Holdings,Synergy Holdings,Active,Active,David Anderson,Sydney,david.anderson@synergyholdi.com,,,2025-06-07
SUPP1603,Meridian Partners,Meridian Partners,Active,Active,Marie Kumar,Casablanca,marie.kumar@meridianpart.com,8938695395,7464483049,2025-12-06
SUPP1604,Frontier Technologies,Frontier Technologies,Linked,Active,Carlos Rodriguez,Zurich,carlos.rodriguez@frontiertech.com,7455119611,,2026-03-14
SUPP1605,Vertex Distribution,Vertex Distribution,Active,Active,Priya Rodriguez,Cairo,priya.rodriguez@vertexdistri.com,,,2026-03-18
SUPP1606,Vertex Distribution,Vertex Distribution,Linked,Active,Sarah Johnson,Boston,sarah.johnson@vertexdistri.com,,8266917989,2024-05-16
SUPP1607,Summit Group,Summit Group,Active,Active,Robert Costa,Milan,robert.costa@summitgroup.com,,7167625086,2025-11-27
SUPP1608,Fusion Consulting,Fusion Consulting,Linked,Active,Arjun Hassan,Seattle,arjun.hassan@fusionconsul.com,7124198101,,2025-11-24
SUPP1609,Keystone Trading,Keystone Trading,Pending,Active,Yuki Ali,Amsterdam,yuki.ali@keystonetrad.com,,8500191208,2024-10-15
SUPP1610,Infinity Distribution,Infinity Distribution,Pending,Active,Sarah Kumar,Nairobi,sarah.kumar@infinitydist.com,9863926362,7773348803,2025-04-11
SUPP1611,Horizon Industries,Horizon Industries,Active,Active,Michael Weber,Madrid,michael.weber@horizonindus.com,6908614074,9405056152,2025-05-28
SUPP1612,Quantum Systems,Quantum Systems,Active,Active,Luca Kim,Zurich,luca.kim@quantumsyste.com,7907516496,9494063853,2025-08-31
SUPP1613,Helix Services,Helix Services,Active,Active,Priya Rodriguez,Atlanta,priya.rodriguez@helixservice.com,8684575524,,2025-06-14
SUPP1614,Vertex Systems,Vertex Systems,Active,Active,Daniel Tanaka,Seoul,daniel.tanaka@vertexsystem.com,,7315959452,2026-03-01
SUPP1615,Global International,Global International,Linked,Active,Sofia Rodriguez,San Francisco,sofia.rodriguez@globalintern.com,9737846212,8872641509,2024-10-28
SUPP1616,Elevate Supply Co,Elevate Supply,Active,Active,Raj Schmidt,Nairobi,raj.schmidt@elevatesuppl.com,7758959861,9392550410,2025-04-02
SUPP1617,Helix Manufacturing,Helix Manufacturing,Pending,Active,Sofia Sato,Jakarta,sofia.sato@helixmanufac.com,9508986495,7682048764,2024-07-21
SUPP1618,Infinity Holdings,Infinity Holdings,Active,Active,Hans Wang,Jakarta,hans.wang@infinityhold.com,8280573647,,2024-06-27
SUPP1619,Synergy Technologies,Synergy Technologies,Active,Active,Omar Sato,Dallas,omar.sato@synergytechn.com,8800075247,,2025-10-16
SUPP1620,Catalyst Consulting,Catalyst Consulting,Invited,Active,Thomas Kim,Amsterdam,thomas.kim@catalystcons.com,7691362398,,2025-08-18
SUPP1621,Apex Group,Apex Group,Linked,Active,Hans Kim,Shanghai,hans.kim@apexgroup.com,8958488505,,2025-05-06
SUPP1622,Beacon Consulting,Beacon Consulting,Invited,Active,Pierre Nguyen,New York,pierre.nguyen@beaconconsul.com,9991577728,7612876595,2025-11-21
SUPP1623,Fusion Group,Fusion Group,Linked,Active,Emma Nguyen,Riyadh,emma.nguyen@fusiongroup.com,9246514490,,2025-03-29
SUPP1624,Fusion Systems,Fusion Systems,Pending,Active,Sofia Silva,Milan,sofia.silva@fusionsystem.com,7706120270,7822150288,2026-01-27
SUPP1625,Summit Solutions,Summit Solutions,Invited,Active,Lucia Nguyen,Sydney,lucia.nguyen@summitsoluti.com,6587981540,7930808018,2025-07-25
SUPP1626,Ember Logistics,Ember Logistics,Active,Active,Elena Rodriguez,Cairo,elena.rodriguez@emberlogisti.com,7702018115,7205117852,2024-07-21
SUPP1627,Beacon Technologies,Beacon Technologies,Pending,Active,David Miller,Amsterdam,david.miller@beacontechno.com,9691446936,,2025-01-24
SUPP1628,Global Services,Global Services,Active,Active,Carlos Nguyen,Amsterdam,carlos.nguyen@globalservic.com,6662527149,7715036016,2025-03-28
SUPP1629,Vanguard International,Vanguard International,Active,Active,Lin Martinez,Shanghai,lin.martinez@vanguardinte.com,,7307968546,2026-01-05
SUPP1630,Apex Consulting,Apex Consulting,Active,Active,Daniel Wang,San Francisco,daniel.wang@apexconsulti.com,8439212093,,2025-07-26
SUPP1631,Keystone Holdings,Keystone Holdings,Active,Active,Anna Kim,New York,anna.kim@keystonehold.com,8366758976,9606233735,2024-06-09
SUPP1632,Clarity Systems,Clarity Systems,Pending,Active,Isabella Williams,San Francisco,isabella.williams@claritysyste.com,8543936458,6750358361,2025-07-22
SUPP1633,Atlas Solutions,Atlas Solutions,Active,Active,Olivia Tanaka,Chicago,olivia.tanaka@atlassolutio.com,8443337026,,2026-02-05
SUPP1634,Ember Services,Ember Services,Active,Active,Priya Williams,Mumbai,priya.williams@emberservice.com,9104207276,8125440975,2025-05-25
SUPP1635,Sterling Distribution,Sterling Distribution,Active,Active,Mark Brown,San Francisco,mark.brown@sterlingdist.com,7932814926,6769979180,2025-08-27
SUPP1636,Prestige Technologies,Prestige Technologies,Pending,Active,Charlotte Rossi,Toronto,charlotte.rossi@prestigetech.com,8928848249,,2025-06-25
SUPP1637,Nexus Partners,Nexus Partners,Active,Active,Wei Park,Riyadh,wei.park@nexuspartner.com,,8607719649,2025-04-17
SUPP1638,Delta Technologies,Delta Technologies,Active,Active,Marie Tanaka,Lagos,marie.tanaka@deltatechnol.com,9311940559,7336574844,2025-05-07
SUPP1639,Vertex Systems,Vertex Systems,Active,Active,Yuki Weber,Singapore,yuki.weber@vertexsystem.com,8115652371,9480366000,2024-12-06
SUPP1640,Meridian Solutions,Meridian Solutions,Linked,Active,Priya Singh,Istanbul,priya.singh@meridiansolu.com,,7418170787,2024-07-22
SUPP1641,Frontier Holdings,Frontier Holdings,Pending,Active,Robert Patel,Sydney,robert.patel@frontierhold.com,6927772233,6642483190,2025-05-22
SUPP1642,Beacon Holdings,Beacon Holdings,Pending,Active,Sofia Patel,Tokyo,sofia.patel@beaconholdin.com,8426851994,9418937892,2024-09-15
SUPP1643,Vanguard Industries,Vanguard Industries,Active,Active,Daniel Smith,Nairobi,daniel.smith@vanguardindu.com,6419975170,6831734072,2024-08-21
SUPP1644,Sterling Supply Co,Sterling Supply,Linked,Active,Sarah Park,Nairobi,sarah.park@sterlingsupp.com,7687704277,6722377151,2025-11-09
SUPP1645,Keystone Holdings,Keystone Holdings,Active,Active,Olivia Patel,Stockholm,olivia.patel@keystonehold.com,7216669697,,2024-12-30
SUPP1646,Jade Distribution,Jade Distribution,Linked,Active,Anna Anderson,Mumbai,anna.anderson@jadedistribu.com,9746262074,,2025-09-30
SUPP1647,Prestige Industries,Prestige Industries,Active,Active,Emma Martinez,Lagos,emma.martinez@prestigeindu.com,,8391118468,2025-05-04
SUPP1648,Apex International,Apex International,Active,Active,Michael Park,Johannesburg,michael.park@apexinternat.com,,6537185476,2024-10-07
SUPP1649,Horizon Enterprises,Horizon Enterprises,Pending,Active,Hans Williams,Riyadh,hans.williams@horizonenter.com,6317375058,,2024-07-02
SUPP1650,Sterling International,Sterling International,Pending,Active,Anna Patel,Milan,anna.patel@sterlinginte.com,9441109401,,2025-05-06
SUPP1651,Helix Distribution,Helix Distribution,Invited,Active,James Bernard,Cairo,james.bernard@helixdistrib.com,,,2026-03-21
SUPP1652,Atlas Group,Atlas Group,Pending,Not Active,Isabella Martinez,Mumbai,isabella.martinez@atlasgroup.com,,8129358234,2024-07-20
SUPP1653,Keystone Consulting,Keystone Consulting,Invited,Not Active,Luca Garcia,Bangkok,luca.garcia@keystonecons.com,6839636933,,2024-05-02
SUPP1654,Jade Holdings,Jade Holdings,Pending,Active,Thomas Mueller,Milan,thomas.mueller@jadeholdings.com,7693158697,6480305107,2025-06-21
SUPP1655,Keystone International,Keystone International,Pending,Not Active,Emma Mueller,Tokyo,emma.mueller@keystoneinte.com,9519227656,7766289663,2025-01-04
SUPP1656,Vertex Services,Vertex Services,Pending,Active,Robert Mueller,Bangkok,robert.mueller@vertexservic.com,,,2025-09-10
SUPP1657,Synergy Technologies,Synergy Technologies,Invited,Active,Sofia Johnson,Madrid,sofia.johnson@synergytechn.com,9687434236,8155202185,2025-10-27
SUPP1658,Delta Industries,Delta Industries,Invited,Not Active,Robert Rodriguez,Singapore,robert.rodriguez@deltaindustr.com,,7446267379,2025-06-16
SUPP1659,Genesis Supply Co,Genesis Supply,Invited,Not Active,David Singh,San Francisco,david.singh@genesissuppl.com,,,2026-01-18
SUPP1660,Quantum Logistics,Quantum Logistics,Invited,Active,Yuki Patel,New York,yuki.patel@quantumlogis.com,,,2026-02-24
SUPP1661,Synergy Manufacturing,Synergy Manufacturing,Invited,Active,Luca Park,Zurich,luca.park@synergymanuf.com,,7126836197,2024-12-06
SUPP1662,Summit Holdings,Summit Holdings,Invited,Active,Omar Williams,Riyadh,omar.williams@summitholdin.com,6895089796,,2024-10-22
SUPP1663,Horizon Services,Horizon Services,Pending,Active,Lin Dubois,Seattle,lin.dubois@horizonservi.com,,7197652557,2026-01-24
SUPP1664,Frontier Consulting,Frontier Consulting,Pending,Not Active,Raj Hassan,Riyadh,raj.hassan@frontiercons.com,,7646408557,2025-03-02
SUPP1665,Infinity Supply Co,Infinity Supply,Pending,Not Active,Raj Nguyen,Chicago,raj.nguyen@infinitysupp.com,8718797916,8461257443,2025-07-28
SUPP1666,Frontier Holdings,Frontier Holdings,Invited,Active,Lucia Martinez,Seoul,lucia.martinez@frontierhold.com,,8602958782,2026-03-04
SUPP1667,Helix Services,Helix Services,Invited,Not Active,Raj Dubois,Casablanca,raj.dubois@helixservice.com,7902971090,6355594253,2024-10-04
SUPP1668,Atlas Services,Atlas Services,Pending,Not Active,Elena Kumar,Casablanca,elena.kumar@atlasservice.com,7269890929,,2025-12-31
SUPP1669,Meridian Enterprises,Meridian Enterprises,Invited,Not Active,Pierre Anderson,Seoul,pierre.anderson@meridianente.com,6197822451,6865778628,2024-12-29
SUPP1670,Sterling Holdings,Sterling Holdings,Invited,Active,Pierre Rossi,Dallas,pierre.rossi@sterlinghold.com,,7761208478,2024-07-08
SUPP1671,Atlas Consulting,Atlas Consulting,Invited,Not Active,Priya Sato,Zurich,priya.sato@atlasconsult.com,,,2024-08-13
SUPP1672,Pinnacle Services,Pinnacle Services,Invited,Active,David Dubois,Stockholm,david.dubois@pinnacleserv.com,8817697691,,2025-05-23
SUPP1673,Horizon Systems,Horizon Systems,Invited,Active,Lucia Nguyen,Tokyo,lucia.nguyen@horizonsyste.com,,,2025-07-12
SUPP1674,Delta Supply Co,Delta Supply,Pending,Active,Sofia Johnson,Stockholm,sofia.johnson@deltasupplyc.com,9745648393,,2025-03-05
SUPP1675,Global Enterprises,Global Enterprises,Pending,Not Active,Mark Brown,Nairobi,mark.brown@globalenterp.com,8133781265,,2025-04-22
SUPP1676,Vanguard Trading,Vanguard Trading,Pending,Active,Thomas Tanaka,Singapore,thomas.tanaka@vanguardtrad.com,7460391852,,2024-05-21
SUPP1677,Synergy Consulting,Synergy Consulting,Invited,Active,Charlotte Mueller,Casablanca,charlotte.mueller@synergyconsu.com,,6131281854,2026-03-29
SUPP1678,Apex Distribution,Apex Distribution,Invited,Not Active,Isabella Miller,Lagos,isabella.miller@apexdistribu.com,8222621979,,2024-11-24
SUPP1679,Pinnacle International,Pinnacle International,Invited,Active,Lin Smith,London,lin.smith@pinnacleinte.com,7929930936,7994521299,2025-12-11
SUPP1680,Frontier Solutions,Frontier Solutions,Invited,Not Active,Robert Costa,Cairo,robert.costa@frontiersolu.com,,6833316581,2025-11-28
SUPP1681,Catalyst Industries,Catalyst Industries,Invited,Active,Omar Hassan,Bangkok,omar.hassan@catalystindu.com,9208948030,,2025-08-02
SUPP1682,Helix Technologies,Helix Technologies,Pending,Not Active,Omar Costa,Atlanta,omar.costa@helixtechnol.com,9764093377,9948066067,2025-08-20
SUPP1683,Vanguard Trading,Vanguard Trading,Invited,Not Active,Lin Hernandez,London,lin.hernandez@vanguardtrad.com,,6702877150,2024-07-10
SUPP1684,Clarity Holdings,Clarity Holdings,Invited,Not Active,Michael Silva,Madrid,michael.silva@clarityholdi.com,8591959167,6739651380,2025-08-18
SUPP1685,Beacon Services,Beacon Services,Pending,Active,Yuki Bernard,Amsterdam,yuki.bernard@beaconservic.com,6455640828,,2025-04-22
SUPP1686,Elevate Solutions,Elevate Solutions,Pending,Not Active,James Nguyen,Stockholm,james.nguyen@elevatesolut.com,9796566429,,2024-07-10
SUPP1687,Prime Systems,Prime Systems,Pending,Active,Michael Miller,New York,michael.miller@primesystems.com,,8484437916,2025-11-13
SUPP1688,Prestige Logistics,Prestige Logistics,Invited,Active,Isabella Nguyen,Istanbul,isabella.nguyen@prestigelogi.com,7118965382,9542243964,2025-12-13
SUPP1689,Fusion Industries,Fusion Industries,Invited,Active,Daniel Ali,Stockholm,daniel.ali@fusionindust.com,9591690849,8105655582,2025-01-08
SUPP1690,Beacon Technologies,Beacon Technologies,Invited,Not Active,Raj Wang,Madrid,raj.wang@beacontechno.com,,6644706257,2024-04-26
SUPP1691,Apex Systems,Apex Systems,Pending,Not Active,Daniel Anderson,Mumbai,daniel.anderson@apexsystems.com,8781937645,6101771302,2025-11-13
SUPP1692,Summit Services,Summit Services,Invited,Active,David Rossi,Seattle,david.rossi@summitservic.com,7912257412,6773508963,2025-08-21
SUPP1693,Genesis International,Genesis International,Pending,Active,Anna Wang,Chicago,anna.wang@genesisinter.com,8424239757,6176337834,2024-05-26
SUPP1694,Vertex Logistics,Vertex Logistics,Pending,Not Active,Marie Garcia,Seattle,marie.garcia@vertexlogist.com,7986851674,9967825436,2024-10-23
SUPP1695,Global International,Global International,Invited,Not Active,Robert Hassan,Zurich,robert.hassan@globalintern.com,7420768582,,2024-08-26
